"URL","Image URL","ASIN","Title","Brand","Fulfillment","Category","BSR","UPC","GTIN","EAN","ISBN","Subcategory","Subcategory BSR","Price","Price Trend (90 days) (%)","Parent Level Sales","ASIN Sales","Sales Trend (90 days) (%)","Parent Level Revenue","ASIN Revenue","Review Count","Reviews Rating","Seller","Seller Country/Region","Number of Active Sellers","Last Year Sales","Sales Year Over Year (%)","Size Tier","Length","Width","Height","Weight","Storage Fee (Jan - Sep)","Storage Fee (Oct - Dec)","Best Sales Period","Age (Month)","Number of Images","Variation Count","Sales to Reviews"
"https://amazon.com/dp/B0B7WFPB4T","https://m.media-amazon.com/images/I/81lmVClgFiL._SX450_.jpg","B0B7WFPB4T","KAIWEETS HT118E Digital Multimeter TRMS 20000 Counts with Higher Resolution Auto-Ranging Voltmeter Accurately Measures Voltage Current Resistance Diodes Continuity Duty-Cycle Capacitance Temperature","KAIWEETS","FBA","Automotive",1128,"N/A","N/A","N/A","N/A","Multimeters & Analyzers",1,47.99,6,3017,659,-15,121200.07,31613.02,23740,4.6,"KAIWEETS Direct","China",1,33960,10,"Large Standard-Size",2.72,5.43,8.43,1.37,62.61,172.71,"07/31/2025",40,9,4,0.13
"https://amazon.com/dp/B07SHLS639","https://m.media-amazon.com/images/I/81THgD001tL._SX450_.jpg","B07SHLS639","KAIWEETS Digital Multimeter TRMS 6000 Counts Voltmeter Auto-Ranging Fast Accurately Measures Voltage Current Amp Resistance Diodes Continuity Duty-Cycle Capacitance Temperature for Automotive","KAIWEETS","FBA","Automotive",1129,824007619085,"N/A",0824007619085,"N/A","Multimeters & Analyzers",1,37.99,6,3017,2358,-15,121200.07,89586.74,23749,4.6,"KAIWEETS Direct","China",1,33960,10,"Large Standard-Size",2.4,5.12,9,1.19,55.68,153.6,"07/31/2025",77,7,4,0.13
"https://amazon.com/dp/B0BL6SYXJN","https://m.media-amazon.com/images/I/51UUXN35veL._SX450_.jpg","B0BL6SYXJN","PartLogix ABS Diagnostic Multimeter Cable Adapter for Heavy Duty Semi Trucks and Semi Trailers (1)","PartLogix","FBA","Automotive",9020,198168092767,"N/A",0198168092767,"N/A","Multimeters & Analyzers",2,35.22,3,119,108,-64,5473.3,3816.61,54,4.9,"PartLogix","USA",1,0,"N/A","Large Standard-Size",1.18,6.38,9.02,0.49,34.19,94.31,"03/31/2025",36,8,2,2.2
"https://amazon.com/dp/B08LPF4R16","https://m.media-amazon.com/images/I/71Lwr-xK2eL._SX450_.jpg","B08LPF4R16","ZIBOO C25 Multimeter Meter Soft Case,Use for Clamp Meter Multimeter Compatible withFLUKE KYORITSU-HIOKI-Testo Sanwa","ZIBOO","FBA","Automotive",17554,711731637082,"N/A",0711731637082,"N/A","Multimeters & Analyzers",3,8.99,-32,370,72,44,2564.5,576.88,331,4.6,"Norza Tool","China",1,3451,"N/A","Large Standard-Size",1.46,7.05,12.4,0.26,64.1,176.82,"09/30/2025",61,5,3,1.12
"https://amazon.com/dp/B0CY1S4JZT","https://m.media-amazon.com/images/I/71aIYj+4cLL._SX450_.jpg","B0CY1S4JZT","Neoteck 2000 Counts Digital Multimeter Voltmeter Tester with NCV, LCD for AC/DC Voltage&Current, Resistance, Capacitance, Live Wire, Frequency, Temperature, Duty Cycle, Continuity, Diode Measuring","Neoteck","FBA","Automotive",22524,"N/A","N/A","N/A","N/A","Multimeters & Analyzers",3,24.99,10,266,131,4,6319.63,3147.78,1283,4.6,"Neoteck US","Hong Kong",1,0,"N/A","Large Standard-Size",2.24,4.65,7.48,0.93,39.26,108.31,"03/31/2025",20,7,3,0.21
"https://amazon.com/dp/B0D37CK6Y7","https://m.media-amazon.com/images/I/71aUaXOu5TL._SX450_.jpg","B0D37CK6Y7","Neoteck 2000 Counts Digital Multimeter Voltmeter Tester with NCV, LCD for AC/DC Voltage&Current, Resistance, Capacitance, Live Wire, Frequency, Temperature, Duty Cycle, Continuity, Diode Measuring-Red","Neoteck","FBA","Automotive",22526,"N/A","N/A","N/A","N/A","Multimeters & Analyzers",3,24.99,-6,266,38,4,6319.63,897.61,1283,4.6,"Neoteck US","Hong Kong",1,0,"N/A","Large Standard-Size",2.28,4.61,7.56,0.95,40.03,110.43,"03/31/2025",18,13,3,0.21
"https://amazon.com/dp/B0D6BD22Y6","https://m.media-amazon.com/images/I/51uWmH688wL._SX450_.jpg","B0D6BD22Y6","Neoteck 6000 Counts Digital Multimeter with NCV and TRMS Auto Range Multimeter for AC/DC Voltage&Current,Resistance,Capacitance,Frequency,Temperature,Duty Ratio,Continuity Voltmeter for Car Circuit","Neoteck","FBA","Automotive",22531,"N/A","N/A","N/A","N/A","Multimeters & Analyzers",3,23.39,10,266,97,4,6319.63,2271.13,1296,4.6,"Neoteck US","Hong Kong",1,0,"N/A","Large Standard-Size",2.28,4.69,7.6,0.99,40.92,112.87,"03/31/2025",17,13,3,0.21
"https://amazon.com/dp/B0D6LVZWGX","https://m.media-amazon.com/images/I/613KxxzMhWL._SX450_.jpg","B0D6LVZWGX","Victron Energy Cerbo GX MK2","Victron Energy","FBA","Automotive",29080,"N/A",08719076062257,8719076062257,"N/A","Multimeters & Analyzers",6,229,-17,230,230,-34,53241.36,53240.21,108,4.6,"Webtionists Inc","USA",21,2188,"N/A","Large Standard-Size",2.2,5.47,7.99,0.9,48.41,133.54,"07/31/2025",16,1,0,2.13
"https://amazon.com/dp/B07F28PRSD","https://m.media-amazon.com/images/I/715PA8fULCL._SX450_.jpg","B07F28PRSD","DROK Car Thermometer, 2pcs Digital Voltage 10-170 Deg F Temperature Monitor Tester Meter LED Display Volt Fahrenheit Temp Multimeter Car Automotive Motorcycle Battery Voltmeter Thermometer Detector","DROK","FBA","Automotive",34666,"N/A","N/A","N/A","N/A","Multimeters & Analyzers",7,16.99,-7,122,6,-25,1501.05,98.16,1522,4.5,"DROK","China",1,2176,-34,"Large Standard-Size",2.52,4.96,6.02,0.19,37.91,104.57,"06/30/2024",89,7,3,0.08
"https://amazon.com/dp/B0FNM3X5NH","https://m.media-amazon.com/images/I/61G5LxSP60L._SX450_.jpg","B0FNM3X5NH","HuGuWdy Antifreeze Tester Automotive, Dial Type Antifreeze Coolant Tester Hydrometer Engine Coolant Anti Freeze Testers Automotive Universal Tool for Car System (Inhalation)","HuGuWdy","FBA","Automotive",35487,"N/A","N/A","N/A","N/A","Multimeters & Analyzers",8,9.99,"N/A",61,61,,569.67,568.93,"N/A","N/A","TigDY-US","China",1,0,"N/A","Large Standard-Size",1.77,3.11,6.97,0.17,19.33,53.33,"09/30/2025",3,7,0,"N/A"
"https://amazon.com/dp/B0BJ24PVNJ","https://m.media-amazon.com/images/I/61TMq46q3bL._SX450_.jpg","B0BJ24PVNJ","ChargerLAB Power-Z KM003C Portable USB-C Fast Charging Tester PD3.1 QC5.0 Digital Voltmeter & Ammeter Power Bank Tester","ChargerLAB","FBA","Automotive",37518,756166474123,"N/A",0756166474123,"N/A","Multimeters & Analyzers",9,109.99,"N/A",205,205,12,22546.25,22544.05,177,4.6,"ChargerLAB","China",1,2518,9,"Large Standard-Size",1.06,2.52,4.06,0.13,5.47,15.09,"01/31/2024",37,7,0,1.16
"https://amazon.com/dp/B0F7F6VR38","https://m.media-amazon.com/images/I/71O8T3QZIsL._SX450_.jpg","B0F7F6VR38","ANENG Multimeter,TRMS 6000 Counts Magnetic Digital Tester with High Resolution Auto Ranging MAX/MIN Voltmeter Measures AC/DC Voltage,Current,Resistance,Capacitance, NCV,Data Hold Amp for Automotive","ANENG","FBA","Automotive",38826,"N/A","N/A","N/A","N/A","Multimeters & Analyzers",10,29.99,-10,83,21,-6,2848.82,615.24,20,4.4,"ANENG  Stores","China",1,0,"N/A","Large Standard-Size",2.44,5.39,8.35,1.59,55.29,152.52,"07/31/2025",4,6,2,4.13
"https://amazon.com/dp/B0F7F65QL2","https://m.media-amazon.com/images/I/71yQX1VcsFL._SX450_.jpg","B0F7F65QL2","ANENG Multimeter,TRMS 20000 Counts Magnetic Digital Tester with High Resolution Auto Ranging MAX/MIN Voltmeter Measures AC/DC Voltage,Current,Resistance,Capacitance, NCV,Data Hold Amp for Automotive","ANENG","FBA","Automotive",38827,"N/A","N/A","N/A","N/A","Multimeters & Analyzers",10,36,-6,83,62,-6,2848.82,2233.05,20,4.4,"ANENG  Stores","China",1,0,"N/A","Large Standard-Size",2.44,5.24,8.39,1.61,54.01,148.99,"07/31/2025",4,7,2,4.13
"https://amazon.com/dp/B09MY4CXVF","https://m.media-amazon.com/images/I/61vAIk9DK8L._SX450_.jpg","B09MY4CXVF","DC Multifunction Battery Monitor Meter, 6.5-100V, 0-100A (Widely Applied to 12V/24V/48V RV/Car Battery) LCD Display Digital Current Voltage Solar Power Meter Multimeter Voltmeter Ammeter","MORNING GROUP","FBA","Automotive",39716,"N/A","N/A","N/A","N/A","Multimeters & Analyzers",11,15.19,-16,76,12,-33,1487.71,195.17,1799,4.2,"MorningGroup","China",1,1899,-16,"Large Standard-Size",1.22,3.9,5.35,0.48,12.82,35.38,"11/30/2023",47,7,4,0.04
"https://amazon.com/dp/B07T9LV66P","https://m.media-amazon.com/images/I/61gJuv92SFL._SX450_.jpg","B07T9LV66P","DC Multifunction Battery Monitor Meter,0-200V,0-300A (Widely Applied to 12V/24V/48V RV/Car Battery) LCD Display Digital Current Voltage Solar Power Meter Multimeter Ammeter Voltmeter","MORNING GROUP","FBA","Automotive",39716,741722875087,"N/A",0741722875087,"N/A","Multimeters & Analyzers",11,19.54,-14,76,53,-33,1487.71,1084,1799,4.2,"MorningGroup","China",1,1899,-16,"Large Standard-Size",1.38,3.86,5.31,0.66,14.24,39.29,"11/30/2023",77,7,4,0.04
"https://amazon.com/dp/B00SXZDKTW","https://m.media-amazon.com/images/I/61n9r9wvcDL._SX450_.jpg","B00SXZDKTW","DROK Digital DC Voltage 10-170 Degree Fahrenheit Temperature Monitor Car Motorcycle Battery Voltmeter Thermometer 12V 24V Temp Volt Tester Multimeter","DROK","FBA","Automotive",41226,"N/A","N/A","N/A","N/A","Multimeters & Analyzers",9,9.99,-5,122,67,-25,1501.05,668.28,1521,4.5,"DROK","China",1,2176,-34,"Large Standard-Size",1.77,3.23,5.87,0.09,16.9,46.61,"06/30/2024",130,7,3,0.08
"https://amazon.com/dp/B0DNTZQGJ9","https://m.media-amazon.com/images/I/41Of+dOM+pL._SX450_.jpg","B0DNTZQGJ9","Power Probe DM300AUTO - Digital Multimeter","Power Probe","FBA","Automotive",45496,816724022231,"N/A",0816724022231,"N/A","Multimeters & Analyzers",12,365,44,71,71,13,25743.76,25743.61,21,4.4,"Marketplace Pros","USA",4,0,"N/A","Large Standard-Size",4.06,7.8,10.51,4.12,167.57,462.26,"01/31/2025",12,7,0,3.36
"https://amazon.com/dp/B0DT9D2VS4","https://m.media-amazon.com/images/I/71MwybPoLpL._SX450_.jpg","B0DT9D2VS4","ZIBOO 69417 Rare Earth Magnet Multimeter Hanging Strap Kit Compatible with Klein Tools Meters MM400,MM300, CL600, CL700, CL800, CL900,MM600, MM700,CL390,CL445,MM325,CL450,CL120","ZIBOO","FBA","Automotive",49408,736483405994,"N/A",0736483405994,"N/A","Multimeters & Analyzers",13,8.15,-34,205,205,94,1497.27,1495.1,62,4.7,"Norza Tool","China",1,0,"N/A","Large Standard-Size",1.46,3.43,4.76,0.15,12,33.11,"09/30/2025",10,7,0,3.53
"https://amazon.com/dp/B0DMK53DQC","https://m.media-amazon.com/images/I/71NjO8Jf10L._SX450_.jpg","B0DMK53DQC","ANENG SZ26 Multimeter,Digital Automotive Engine Analyzer with 500-10000RPM Tach,Dwell Angle,Duty Cycle,DC Current,AC/DC Voltage,Amp,Ohm,Large LCD,Data Hold,Versatile Tester for Car Diagnostics","ANENG","FBA","Automotive",50488,"N/A","N/A","N/A","N/A","Multimeters & Analyzers",14,27.99,-13,103,103,-12,2875.56,2874.42,44,3.9,"ANENG  Stores","China",1,0,"N/A","Large Standard-Size",2.17,5.94,9.45,1.37,61.33,169.18,"06/30/2025",12,7,1,2.34
"https://amazon.com/dp/B0BXCB7PJT","https://m.media-amazon.com/images/I/71dbm03PU4L._SX450_.jpg","B0BXCB7PJT","Hard Caser Bundle with Magnetic Hanger Strap Replacement for Klein Tools MM400/MM325/MM300/MM200/ET140/MM720 Digital Multimeter by KingSung","kingsung","FBA","Automotive",50975,"N/A","N/A","N/A","N/A","Multimeters & Analyzers",15,19.99,"N/A",157,117,-33,3003.07,2340.71,324,4.7,"KingSung MALL-US","China",1,4259,2,"Large Standard-Size",2.72,5.2,8.54,0.47,60.72,167.51,"11/30/2024",32,7,3,0.48
"https://amazon.com/dp/B0CQ1PQVSG","https://m.media-amazon.com/images/I/81sDPtgayiL._SX450_.jpg","B0CQ1PQVSG","kingsung Hard Case Compatible with Klein Tools MM400/MM325 & Fluke 117/116/101 Multimeter, With DIY Foam Protecting Meter, Orange Black","kingsung","FBA","Automotive",50984,"N/A","N/A","N/A","N/A","Multimeters & Analyzers",15,19.99,22,157,13,-33,3003.07,261.81,53,4.6,"KingSung MALL-US","China",1,4259,2,"Large Standard-Size",2.87,4.29,8.74,0.41,54.27,149.72,"11/30/2024",23,7,3,2.96
"https://amazon.com/dp/B0BXCF1671","https://m.media-amazon.com/images/I/81zZ1UtF5hL._SX450_.jpg","B0BXCF1671","KingSung Hard Case Compatible with Klein Tools MM400/MM300/MM200/ET140/MM720 Digital Multimeter (Only Case), 1 Pack","kingsung","FBA","Automotive",51004,"N/A","N/A","N/A","N/A","Multimeters & Analyzers",15,14.99,3,157,27,-33,3003.07,398.54,324,4.7,"KingSung MALL-US","China",1,4259,2,"Large Standard-Size",3.11,5.24,7.95,0.33,65.23,179.94,"11/30/2024",32,7,3,0.48
"https://amazon.com/dp/B07T9KYPMG","https://m.media-amazon.com/images/I/61o3eb8Uo+L._SX450_.jpg","B07T9KYPMG","DC Multifunction Battery Monitor Meter,0-200V,0-10A (Widely Applied to 12V/24V/48V RV/Car Battery) LCD Display Digital Current Voltage Solar Power Meter Multimeter Ammeter Voltmeter","MORNING GROUP","FBA","Automotive",53751,741722875094,"N/A",0741722875094,"N/A","Multimeters & Analyzers",13,17.99,-41,76,7,-33,1487.71,118.19,1799,4.2,"MorningGroup","China",1,1899,-16,"Large Standard-Size",1.4,2.8,4.6,0.25,9.08,25.04,"11/30/2023",77,7,4,0.04
"https://amazon.com/dp/B07T8GN61Z","https://m.media-amazon.com/images/I/61VqnPQRgVL._SX450_.jpg","B07T8GN61Z","DC Multifunction Battery Monitor Meter,0-200V,0-100A (Widely Applied to 12V/24V/48V RV/Car Battery) LCD Display Digital Current Voltage Solar Power Meter Multimeter Ammeter Voltmeter","MORNING GROUP","FBA","Automotive",58448,741722875070,"N/A",0741722875070,"N/A","Multimeters & Analyzers",14,18.69,-6,76,5,-33,1487.71,89.53,1799,4.2,"MorningGroup","China",2,1899,-16,"Large Standard-Size",1.4,3.7,5.1,0.5,13.3,36.69,"11/30/2023",77,7,4,0.04
"https://amazon.com/dp/B0FPM4D8MZ","https://m.media-amazon.com/images/I/61zipHnSQZL._SX450_.jpg","B0FPM4D8MZ","WIKIBB ABS Diagnostic Multimeter Cable Adapter","WIKIBB","FBA","Automotive",69898,"N/A","N/A","N/A","N/A","Multimeters & Analyzers",16,35.99,-31,20,20,,698.27,698.13,1,5,"WIKIBB-US","China",1,0,"N/A","Large Standard-Size",3.93,1.96,1.96,0.33,7.6,20.97,"10/31/2025",2,6,0,"N/A"
"https://amazon.com/dp/B092JNY81H","https://m.media-amazon.com/images/I/711XJ-1NbMS._SX450_.jpg","B092JNY81H","WERJIA Hard Carrying Case for Klein Tools MM420/MM325/MM720/MM700/ET600/MM450 Digital Multimeter","WERJIA","FBA","Automotive",75232,"N/A","N/A",9414056486106,"N/A","Multimeters & Analyzers",17,15.99,-2,56,56,-36,893.9,893.19,88,4.6,"WERJIA","China",1,943,96,"Large Standard-Size",2.8,5.31,8.86,0.42,66.26,182.79,"07/31/2025",55,6,0,0.64
"https://amazon.com/dp/B0C5M8YMH6","https://m.media-amazon.com/images/I/71DIPyIrdyL._SX450_.jpg","B0C5M8YMH6","Yunsailing 2 Pcs 200A High Precision Watt Meter Power Analyzer Battery Consumption Performance Monitor Amp Meter Monitor with Backlight Digital LCD Screen for RC Solar Voltage Current Power (100V)","Yunsailing","FBA","Automotive",79043,"N/A","N/A","N/A","N/A","Multimeters & Analyzers",19,21.99,-19,125,102,-46,2764.64,2239.26,306,4,"Jimmntexnim","China",1,2138,"N/A","Large Standard-Size",2.87,2.87,4.61,0.42,19.12,52.74,"09/30/2024",30,7,2,0.41
"https://amazon.com/dp/B08FDVQDM5","https://m.media-amazon.com/images/I/51Lwwd-OLUL._SX450_.jpg","B08FDVQDM5","AstroAI Digital Multimeter, TRMS 6000 Counts Auto-Ranging Voltage Tester Voltmeter Measuring AC/DC Voltage Current, Capacitance Resistance Frequency Temperature Continuity Diodes with NCV","AstroAI","FBA","Automotive",81501,"N/A","N/A","N/A","N/A","Electrical Multimeters",187,35.99,-4,91,91,-18,2999.3,2999.15,2451,4.6,"AstroAI Direct","USA",1,1736,"N/A","Large Standard-Size",2.32,4.84,7.68,1.17,43.48,119.94,"12/31/2024",60,7,1,0.04
"https://amazon.com/dp/B000WTB67K","https://m.media-amazon.com/images/I/61gfccU3v-L._SX450_.jpg","B000WTB67K","Fluke 88V Deluxe Automotive Multimeter, Troubleshoot Problems on Conventional and Hybrid Vehicles, Measures Pulse Width, and Duty Cycle","Fluke","Amazon","Automotive",83577,095969328906,00095969328906,0095969328906,9788046339,"Multimeters & Analyzers",20,569.8,1,65,65,60,37172.72,37172.14,250,4.7,"Amazon","N/A",8,739,"N/A","Large Standard-Size",3.5,6.26,11.02,1.92,"N/A","N/A","09/30/2025",256,5,0,0.26
"https://amazon.com/dp/B0BR52513W","https://m.media-amazon.com/images/I/717FYKQZOUL._SX450_.jpg","B0BR52513W","DROK Battery Monitor, DC 8-100V 300A Charge Discharge Split Type Coulometer 12V 24V 36V 48V 60V Coulometer Watt Meter, Capacity Percentage Time Power Voltmeter Ampmeter for RV Solar Panel Golf Cart","DROK","FBA","Automotive",87301,"N/A","N/A","N/A","N/A","Multimeters & Analyzers",28,52.2,3,76,2,-75,3902.37,127.91,118,4.6,"DROK","China",1,1984,150,"Large Standard-Size",2.28,7.2,7.76,0.97,64.14,176.93,"12/31/2024",35,7,5,0.65
"https://amazon.com/dp/B0F2SKGS53","https://m.media-amazon.com/images/I/719dbFyaVRL._SX450_.jpg","B0F2SKGS53","UMHS-757 Universal Magnetic Hanging Strap Compatible with Ideal 61-327, 61-337, 61-347, 61-357, 61-405, 61-415, 61-547, 61-557, 61-737, 61-747, 61-757 Digital Multimeter","AccuMeasure","FBA","Automotive",88041,762612407706,"N/A",0762612407706,"N/A","Multimeters & Analyzers",23,15.99,181,58,58,180,923.13,922.45,11,4.5,"J-Tech Instrument","China",1,0,"N/A","Large Standard-Size",1.42,3.66,4.8,0.15,12.56,34.65,"03/31/2025",8,3,0,5.25
"https://amazon.com/dp/B00R3B6HYW","https://m.media-amazon.com/images/I/61+jOL12IwL._SX450_.jpg","B00R3B6HYW","RMSTATOR Voltage Peak Reading Adapter DVA Adapter for Multimeter Probes","RMSTATOR","FBA","Automotive",91255,"N/A","N/A","N/A","N/A","Multimeters & Analyzers",24,65.99,"N/A",61,61,-37,3941.73,3941.3,115,4.7,"Modern Edition","USA",8,545,9,"Large Standard-Size",2.05,3.78,5.91,0.37,23.06,63.61,"07/31/2025",132,9,0,0.53
"https://amazon.com/dp/B0D8DNWF75","https://m.media-amazon.com/images/I/71muJEOsrbL._SX450_.jpg","B0D8DNWF75","Generic HT123 Digital Multimeter - Automatic Digital Multimeter - Smart Measurement - Electrical Tester Voltmeter Multimeter - Auto-Ranging Voltmeter Non-Contact Voltage Tester, Red","Generic","FBA","Automotive",94308,"N/A","N/A","N/A","N/A","Multimeters & Analyzers",20,9.99,-36,48,48,-3,653.47,652.84,113,4.6,"Fashion Beauty Story","China",1,1808,"N/A","Large Standard-Size",1.81,3.98,5.59,0.44,20.27,55.93,"12/31/2024",17,7,0,0.43
"https://amazon.com/dp/B0D146ZJL2","https://m.media-amazon.com/images/I/51yuvh-MrXL._SX450_.jpg","B0D146ZJL2","DROK Digital Multimeter, DC 8-100V 100A Battery Monitor 12V 24V 36V 48V 60V Volt Amp Watt Meter, Big Color Screen LCD Display Capacity Time Power Voltmeter Ampmeter for RV Solar Panel Battery Charge","DROK","FBA","Automotive",95415,"N/A","N/A","N/A","N/A","Multimeters & Analyzers",28,50.99,-4,76,57,-75,3902.37,2913.2,118,4.6,"DROK","China",1,1984,150,"Large Standard-Size",2.13,6.65,6.69,0.9,47.71,131.61,"12/31/2024",19,7,5,0.65
"https://amazon.com/dp/B0D1YGVDML","https://m.media-amazon.com/images/I/715D1HTRssL._SX450_.jpg","B0D1YGVDML","ChgImposs Mini Analog Multimeter Electric AC/DC Current OHM Decibels Voltage Voltmeter Ammeter with Test Leads, AA Battery Included","ChgImposs","FBA","Automotive",99497,"N/A","N/A","N/A","N/A","Multimeters & Analyzers",26,8.99,-7,52,52,-26,466.94,466.29,33,3.5,"FLXDirect","China",1,583,"N/A","Large Standard-Size",1.5,3.9,6.73,0.22,19.82,54.68,"06/30/2025",18,9,0,1.57
"https://amazon.com/dp/B000KIMHRQ","https://m.media-amazon.com/images/I/71CIsZUufML._SX450_.jpg","B000KIMHRQ","Innova 3340 Professional Automotive Digital Multimeter, Black","Innova","Amazon","Automotive",106930,042173033409,10042173033406,0042173033409,"N/A","Multimeters & Analyzers",23,99.99,-27,58,58,22,4058.4,4057.7,722,4.4,"Amazon","N/A",10,910,33,"Large Standard-Size",2.91,7.95,10.98,2.01,"N/A","N/A","04/30/2025",256,9,0,0.08
"https://amazon.com/dp/B0CSY7V7K5","https://m.media-amazon.com/images/I/41hrobPEzPL._SX450_.jpg","B0CSY7V7K5","DROK DC Power Meter, 100A 6.5-100V 12V 24V 36V 48V Volt Amp Watt Meter, LCD Display Multimeter Voltage Current Energy RV Battery Monitor Voltmeter Ammeter Panel with Current Sensor 2m USB Cable","DROK","FBA","Automotive",108854,"N/A","N/A","N/A","N/A","Multimeters & Analyzers",27,19.99,2,48,11,-45,890.25,215.28,1094,4.4,"DROK","China",1,836,"N/A","Large Standard-Size",2.44,5.79,6.14,0.55,43.68,120.5,"06/30/2024",22,6,5,0.04
"https://amazon.com/dp/B07MQ55QHL","https://m.media-amazon.com/images/I/61ky6+ALlpS._SX450_.jpg","B07MQ55QHL","AUTUT Automotive Speaker Polarity Tester Phasemeter Tool Plastic Shell Audio Signals Tester","AUTUT","FBA","Automotive",134301,799637834637,"N/A",0799637834637,"N/A","Multimeters & Analyzers",28,12.29,-2,48,48,63,610.68,610.08,534,4.2,"CS266","China",1,421,"N/A","Large Standard-Size",1.22,5.43,6.57,0.22,21.91,60.45,"04/30/2024",82,4,0,0.09
"https://amazon.com/dp/B0BRPNWR19","https://m.media-amazon.com/images/I/81j9c8OSTnL._SX450_.jpg","B0BRPNWR19","AstroAI Digital Multimeter Tester TRMS 20000 Counts with Higher Resolution Auto-Ranging Voltmeter; Accurately Measures Voltage Current Resistance Diodes Continuity Duty-Cycle Capacitance Temperature","AstroAI","FBA","Automotive",135121,"N/A","N/A","N/A","N/A","Multimeters & Analyzers",29,47.99,14,42,42,40,1916.76,1916.61,8343,4.6,"AstroAI Direct","USA",1,586,"N/A","Large Standard-Size",2.64,5.31,7.83,1.26,55.26,152.45,"05/31/2024",27,9,0,0
"https://amazon.com/dp/B0D47BVJFK","https://m.media-amazon.com/images/I/61SPRRYIRQL._SX450_.jpg","B0D47BVJFK","DROK USB Tester 2pcs, USB-A USB-C 2.0 Multimeter Dual USB Ports PD QC 3.0 with Color LED Display Battery Charger Monitor, 7 Modes Capacity Voltage Current Power for Laptop Power Bank Solar Panel","DROK","FBA","Automotive",145295,"N/A","N/A","N/A","N/A","Multimeters & Analyzers",30,26.99,6,706,38,-2,12153.32,1025.13,4062,4.5,"DROK","China",1,7665,50,"Large Standard-Size",1.3,3.94,5.35,0.2,13.79,38.04,"07/31/2025",18,7,5,0.17
"https://amazon.com/dp/B07W7XXKVF","https://m.media-amazon.com/images/I/81e-phAm5AL._SX450_.jpg","B07W7XXKVF","MNJ MOTOR DC Multifunction Battery Monitor Meter, 0-200V 0-100A LCD Display Digital Current Multimeter Voltmeter Ammeter for Cars Rv Solar System","MNJ Motor","FBA","Automotive",153422,"N/A","N/A",6972183043652,"N/A","Battery Testers",155,19.89,18,46,46,-6,921.69,921.09,841,4.1,"MNJ MOTOR OFFICIAL","China",1,805,-36,"Large Standard-Size",1.3,3.8,5.1,0.55,12.68,34.99,"04/30/2024",75,8,0,0.06
"https://amazon.com/dp/B0FJXPZDMS","https://m.media-amazon.com/images/I/61GRmxe5klL._SX450_.jpg","B0FJXPZDMS","LD673PV Digital Solar MPPT Meter, Measure Pmax Vmp Amp Voc Lsc, 1000 Watts Photovoltaic Max Power Tester, Professional Solar Panel Test Device, PV Maximum Power Tracker Kit","REYPS","FBA","Automotive",160387,"N/A","N/A","N/A","N/A","Multimeters & Analyzers",32,44.99,"N/A",0,0,,"-","-","N/A","N/A","Tester and Meter","China",1,0,"N/A","Large Standard-Size",7.09,4.33,2.95,0.9,45.62,125.86,"-",4,9,0,"N/A"
"https://amazon.com/dp/B0DYD4GMGM","https://m.media-amazon.com/images/I/71gTXHBnB4L._SX450_.jpg","B0DYD4GMGM","Handheld Oscilloscope Multimeter, GOCHIFIX 2 in 1 Portable Digital Oscilloscope Multimeter 10Mhz Bandwidth, 50MSa/s Sampling Rate, 6000 Counts, Automotive Multimeter Oscilloscope","GOCHIFIX","Amazon","Automotive",169684,085353576280,"N/A",0085353576280,"N/A","Multimeters & Analyzers",32,58.98,22,29,16,-21,2223.39,871.66,106,4.4,"Amazon","N/A",2,0,"N/A","Large Standard-Size",1.81,5.75,7.56,0.87,"N/A","N/A","02/28/2025",9,8,3,0.28
"https://amazon.com/dp/B0FVSKD6JS","https://m.media-amazon.com/images/I/81mE43sdrqL._SX450_.jpg","B0FVSKD6JS","SNAKOL Analog Multimeter Tester, Analog Voltmeter Multimeter, Fieldpiece Volt Meters and Multimeters for AC/DC Volt 2500V, DC Current 10A, RX 10K, Battery Tester, Diode/LED Testing,24 Range","SNAKOL","FBA","Automotive",180344,"N/A","N/A","N/A","N/A","Multimeters & Analyzers",35,29.99,-23,29,24,,968.37,705.47,50,4.3,"SNAKOL STORES","China",1,0,"N/A","Large Standard-Size",8.07,6.69,2.2,1.54,59.8,164.96,"10/31/2025",1,7,3,0.59
"https://amazon.com/dp/B0FCFPH4LG","https://m.media-amazon.com/images/I/710K3klVjML._SX450_.jpg","B0FCFPH4LG","ANENG Multimeter,20000 Counts Digital Rechargeable Automotive Engine Analyzer with 300-19999RPM Tach,Dwell Angle,Duty Cycle,AC/DC Current,Voltage,Amp,Ohm,Flip LCD,Data Hold Tester for Car Diagnostics","ANENG","FBA","Automotive",182429,"N/A","N/A","N/A","N/A","Multimeters & Analyzers",37,39.99,-43,22,22,,896.35,896.28,4,4.4,"ANENG  Stores","China",1,0,"N/A","Large Standard-Size",1.97,1.97,0.79,0,1.54,4.24,"08/31/2025",4,7,1,7.47
"https://amazon.com/dp/B007QYW4B6","https://m.media-amazon.com/images/I/81dHUbCb27L._SX450_.jpg","B007QYW4B6","Cal-Van Tools Relay Circuit Diagnostic Tool 12-24","Cal-Van Tools","Amazon","Automotive",184803,047084000762,"N/A",0047084000762,"N/A","Multimeters & Analyzers",37,88.71,-43,9,9,146,711.18,710.98,123,4.3,"Amazon","N/A",4,111,-41,"Large Standard-Size",3.46,10.55,13.58,2.67,"N/A","N/A","05/31/2024",164,5,0,0.07
"https://amazon.com/dp/B07B4CWKRJ","https://m.media-amazon.com/images/I/61I1oLp4AxL._SX450_.jpg","B07B4CWKRJ","DROK Voltage Amp Meter DC, Battery Monitor DC 0-300V 200A, Ammeter Voltmeter for Solar System Setup Power Energy Capacity Volt Current Detector Panel with Hall Sensor","DROK","FBA","Automotive",192043,"N/A","N/A","N/A","N/A","Multimeters & Analyzers",37,39.99,4,38,19,-41,1533.75,772.82,760,4.1,"DROK","China",1,643,-20,"Large Standard-Size",2.01,2.8,5.28,0.18,14.91,41.12,"01/31/2024",93,9,2,0.05
"https://amazon.com/dp/B08HGT2NXX","https://m.media-amazon.com/images/I/819oU-Vrm8L._SX450_.jpg","B08HGT2NXX","Aproca Multimeter Case Compatible with Klein Tools MM325 / MM400 / MM300 Multimeter and Accessories (Case Only)","Aproca","FBA","Automotive",192485,"N/A","N/A","N/A","N/A","Multimeters & Analyzers",37,14.99,"N/A",69,44,-53,1091.24,656.46,522,4.7,"Aproca Direct","China",2,1910,9,"Large Standard-Size",3.15,5.12,7.64,0.33,62.04,171.14,"11/30/2024",62,8,2,0.13
"https://amazon.com/dp/B005T5G38E","https://m.media-amazon.com/images/I/41t+22pXj2L._SX450_.jpg","B005T5G38E","Fluke 88 V/A Automotive Multimeter Combo Kit","Fluke","Amazon","Automotive",193120,999900549736,00095969249072,0999900549736,"N/A","Multimeters & Analyzers",38,784.65,6,40,40,-36,31453.89,31453.61,241,4.7,"Amazon","N/A",8,831,30,"Large Standard-Size",7.52,8.19,12.6,3.86,"N/A","N/A","12/31/2024",255,6,0,0.17
"https://amazon.com/dp/B0CC5C5M64","https://m.media-amazon.com/images/I/614zojaRRcL._SX450_.jpg","B0CC5C5M64","Hosyond DC 6.5-100V 0-100A LCD Display Digital Power Monitoring Meter Voltage Current Power Energy Meter Ammeter Voltmeter Multimeter with 100A Current Shunt","Hosyond","FBA","Automotive",225849,732214748262,"N/A",0732214748262,"N/A","Multimeters & Analyzers",39,15.99,11,60,60,-31,922.29,921.57,73,4.5,"HONGXINBAORUI","China",1,803,242,"Large Standard-Size",1.34,3.78,5.35,0.49,13.64,37.64,"06/30/2025",28,8,0,0.82
"https://amazon.com/dp/B0DYJ465TC","https://m.media-amazon.com/images/I/71mIP3-owQL._SX450_.jpg","B0DYJ465TC","Westinghouse 600V True RMS Auto-Ranging Multimeter with Large Screen and Relative Mode; Measures Voltage Current Resistance Capacitance Frequency Temperature; Incl. Case and 2-Year Warranty.","Westinghouse","FBA","Automotive",232772,850024390010,00850024390010,0850024390010,"N/A","Multimeters & Analyzers",39,59.95,-10,64,26,-31,3271.18,1532.81,69,4.6,"Bramli USA","USA",1,0,"N/A","Large Standard-Size",2.83,5.12,7.09,1.19,51.72,142.68,"08/31/2025",9,6,2,0.93
"https://amazon.com/dp/B0F1MLRSN4","https://m.media-amazon.com/images/I/71kxyF6zI0L._SX450_.jpg","B0F1MLRSN4","ALIENTEK DM40A/B/C Digital Multimeter 59999 Counts, 4.5-Digit Rechargeable 3 in 1 Handheld Oscilloscope Multimeter Signal Generator,50M Sample Rate, Diode Test Automotive Tools","ALIENTEK","FBA","Automotive",238560,762744384500,"N/A",0762744384500,"N/A","Multimeters & Analyzers",40,99,-34,5,5,-98,491.63,491.54,1,5,"ALIENTEK Store","China",1,0,"N/A","Large Standard-Size",8.7,7.7,4,1.9,134.91,372.17,"08/31/2025",8,6,1,4.97
"https://amazon.com/dp/B0F43SW3VD","https://m.media-amazon.com/images/I/71oX8e6MfnL._SX450_.jpg","B0F43SW3VD","ALIENTEK DM40A/B/C Digital Multimeter 59999 Counts, 4.5-Digit Rechargeable 3 in 1 Handheld Oscilloscope Multimeter Signal Generator,50M Sample Rate, Diode Test Automotive Tools (DM40C)","ALIENTEK","FBA","Automotive",254133,762744384562,"N/A",0762744384562,"N/A","Multimeters & Analyzers",41,148,-25,18,18,,2608.08,2607.96,11,3.9,"ALIENTEK Store","China",1,0,"N/A","Large Standard-Size",8.7,7.7,4,1.9,134.91,372.17,"09/30/2025",7,5,0,1.76
"https://amazon.com/dp/B0097CZ00M","https://m.media-amazon.com/images/I/61V2WXIdYIL._SX450_.jpg","B0097CZ00M","Elenco M-1008K - Digital Multimeter Solder Kit | Great STEM Project | Soldering Required,Black","Elenco","Amazon","Automotive",260533,756619009360,00756619009360,0756619009360,"N/A","Multimeters & Analyzers",43,25.2,18,5,5,-44,135.74,135.6,31,3.6,"Amazon","N/A",4,104,-64,"Large Standard-Size",1.26,8.66,11.65,0.64,"N/A","N/A","02/29/2024",158,1,0,0.17
"https://amazon.com/dp/B0D41MY42D","https://m.media-amazon.com/images/I/71el+gTXZjL._SX450_.jpg","B0D41MY42D","Kiprim 2-in-1 Programmable Power Supply and Multimeter (0-30 V 0-10 A) DC310Pro with Data Memory,High Precision,OCP,OVP, PC Software and USB Charging","Kiprim","FBA","Automotive",279962,"N/A","N/A","N/A","N/A","Multimeters & Analyzers",46,129.99,209,23,17,15,3055.21,2187.73,72,4.5,"Kiprim Direct US","China",1,314,"N/A","Large Standard-Size",5.28,7.76,13.39,4.74,276.22,761.98,"10/31/2024",17,10,2,0.32
"https://amazon.com/dp/B0791CDHS1","https://m.media-amazon.com/images/I/61i+iuxe-HL._SX450_.jpg","B0791CDHS1","Diagnostic Scanner iCarsoft MB V2.0 Compatible for Mercedes-Benz/Sprinter/Smart, ABS SRS Oil BLD INJ","iCarsoft","FBA","Automotive",285026,737278989514,00737278989514,0737278989514,"N/A","Multimeters & Analyzers",47,145.95,9,15,15,-55,2134.92,2134.69,1144,4.2,"KART IT","USA",7,279,-47,"Large Standard-Size",2.64,5.55,9.21,1.59,67.94,187.42,"01/31/2024",94,9,0,0.01
"https://amazon.com/dp/B0D41QTJ49","https://m.media-amazon.com/images/I/615xWo2Nm3L._SX450_.jpg","B0D41QTJ49","Kiprim 2-in-1 Programmable Power Supply and Multimeter (0-60 V 0-5 A) DC605Pro with Data Memory,High Precision,OCP,OVP, PC Software and USB Charging","Kiprim","FBA","Automotive",286822,"N/A","N/A","N/A","N/A","Multimeters & Analyzers",44,139.99,-4,23,6,15,3055.21,867.2,72,4.5,"Kiprim Direct US","China",1,314,"N/A","Large Standard-Size",5.24,7.64,13.5,4.74,272.1,750.63,"10/31/2024",17,10,2,0.32
"https://amazon.com/dp/B0F1JR79N4","https://m.media-amazon.com/images/I/71b6f8856eL._SX450_.jpg","B0F1JR79N4","GEARWRENCH Automotive Pro Digital Multimeter | GWDM107","GEARWRENCH","Amazon","Automotive",300207,099575011078,"N/A",0099575011078,"N/A","Multimeters & Analyzers",48,96.84,-7,20,20,282,1799.04,1798.81,2,5,"Amazon","N/A",5,0,"N/A","Large Standard-Size",2.91,6.93,9.61,1.5,"N/A","N/A","09/30/2025",8,5,0,9.84
"https://amazon.com/dp/B08HP5VD4M","https://m.media-amazon.com/images/I/71cI92XP7dL._SX450_.jpg","B08HP5VD4M","DROK Battery Monitor, Amp Volt Power Watt Meter DC 0-300V 200A STN LCD Display Panel Meter, Current Voltage Energy Capacity Ammeter Voltmeter Multimeter Gauge with Hall Sensor, 2.5m Shielde","DROK","FBA","Automotive",311621,"N/A","N/A","N/A","N/A","Multimeters & Analyzers",47,39.99,2,38,19,-41,1533.75,760.63,760,4.1,"DROK","China",1,643,-20,"Large Standard-Size",2.4,4.65,5.31,0.29,29.84,82.31,"01/31/2024",62,7,2,0.05
"https://amazon.com/dp/B01MURUEBQ","https://m.media-amazon.com/images/I/51xodPtU9nL._SX450_.jpg","B01MURUEBQ","NEW Truetone TVD Voltage Doubler","Truetone","FBM","Automotive",315135,694336000645,"N/A",0694336000645,"N/A","Multimeters & Analyzers",49,33.95,18,14,14,85,483.95,483.85,51,4.1,"Sweetwater Sound","USA",3,173,7,"Small Standard-Size",0.59,5.12,5.51,0.04,"N/A","N/A","12/31/2024",105,1,0,0.28
"https://amazon.com/dp/B07T7V8VR6","https://m.media-amazon.com/images/I/51z285ei1vL._SX450_.jpg","B07T7V8VR6","True-RMS Digital Multimeter Tester,AN8008 Measures AC/DC Voltage Ammeter Current Ohm Meter Capacity Frequency,Large 4-Digit Display (9,),Continuity Tests,","Jectse","FBA","Automotive",320817,765613870661,"N/A",0765613870661,"N/A","Multimeters & Analyzers",50,40.64,216,1,1,33,47.06,47,3,5,"Jectse us","China",2,33,32,"Large Standard-Size",7.48,5.5,1.58,0.63,32.73,90.28,"05/31/2025",75,8,0,0.38
"https://amazon.com/dp/B0DDXSB73B","https://m.media-amazon.com/images/I/61ytGxcomEL._SX450_.jpg","B0DDXSB73B","2 Pack Magnetic Multimeter Hanger Strap Works Compatible with Klein Tool Meters MM400,MM300, CL600, CL700, CL800, CL900,MM600, MM700","kingsung","FBA","Automotive",329122,"N/A","N/A","N/A","N/A","Multimeters & Analyzers",52,16.99,-10,172,8,-30,1740.41,137.62,253,4.7,"KingSung MALL-US","China",1,3044,"N/A","Large Standard-Size",0.87,4.29,6.69,0.18,12.52,34.55,"08/31/2024",15,7,3,0.68
"https://amazon.com/dp/B000HAV070","https://m.media-amazon.com/images/I/61wcKm1uiRL._SX450_.jpg","B000HAV070","Midtronics AMP-100 Multimeter - PDF-40 Digital Amp Clamp","Midtronics","FBA","Automotive",331592,675000000048,"N/A",0675000000048,"N/A","Multimeters & Analyzers",53,327.99,-4,9,9,56,2820.09,2819.86,12,4.2,"Midtronics, Inc.","USA",3,85,"N/A","Large Standard-Size",2.52,4.69,8.98,1.06,53.43,147.41,"03/31/2024",157,6,0,0.72
"https://amazon.com/dp/B0DYJ8TDDG","https://m.media-amazon.com/images/I/61T0BOzKQlL._SX450_.jpg","B0DYJ8TDDG","Westinghouse True RMS Digital Auto-Ranging 6000 Counts Clamp Meter, Current to 600 A, AC/DC Voltage to 1000 V, Resistance and Continuity, with Relative Mode and VFD, Incl. Case and 2 Year Warranty","Westinghouse","FBA","Automotive",353154,850024390034,00850024390034,0850024390034,"N/A","Multimeters & Analyzers",56,99.95,3,22,22,,2179.49,2179.13,28,4.8,"Bramli USA","USA",1,0,"N/A","Large Standard-Size",2.52,4.53,10.87,1.37,62.47,172.34,"03/31/2025",9,7,0,0.78
"https://amazon.com/dp/B088R2KYL3","https://m.media-amazon.com/images/I/71d7SS+rL6L._SX450_.jpg","B088R2KYL3","Automotive Multimeter Engine Analyzer, AIOMEST Digital DMM Meter AI-770K to Measure Car Dwell Angle, RPM Tach, Injection Pulse, AC/DC Amp Voltage Ohm True-RMS 6000 Count Multi Tester","AIOMEST","FBA","Automotive",357118,782910433917,"N/A",0782910433917,"N/A","Multimeters & Analyzers",58,32.99,-18,16,4,-86,350.64,132.54,61,3.4,"AIOMEST-US","China",1,222,75,"Large Standard-Size",0.94,5.16,9.13,1.4,22.41,61.82,"08/31/2025",66,7,6,0.25
"https://amazon.com/dp/B00KXAIIB0","https://m.media-amazon.com/images/I/71VkbIuGz7L._SX450_.jpg","B00KXAIIB0","Alemite 3671 Electronic Meter, Flex, Auto Tip,Black; Silver; Red","Alemite","FBM","Automotive",370446,098468355190,"N/A",0098468355190,"N/A","Multimeters & Analyzers",60,399,-3,7,7,100,2694.26,2694.12,3,5,"JEMKO","USA",4,43,-17,"Large bulky",5.39,6.5,23.5,4.5,"N/A","N/A","09/30/2025",137,1,0,2.26
"https://amazon.com/dp/B09BN8VGWK","https://m.media-amazon.com/images/I/61xp8IntPYL._SX450_.jpg","B09BN8VGWK","allsun Automotive Dwell Meter Digital Multimeter Autoranging TRMS 5999 Counts ACA/DCA Max.20A for RPM Dwell Angle Pulse Width Tach Temperature Duty Cycle Data Hold Test,Meter to PC","allsun","FBA","Automotive",370848,"N/A","N/A","N/A","N/A","Multimeters & Analyzers",61,77.8,-8,21,21,-44,1594.15,1593.88,53,4.4,"Global Meter","China",2,426,-17,"Large Standard-Size",3.9,7.95,9.33,2.18,145.64,401.77,"06/30/2024",51,9,0,0.41
"https://amazon.com/dp/B000VXKINA","https://m.media-amazon.com/images/I/61R958vDnKL._SX450_.jpg","B000VXKINA","Astatic 302-01768 PDC7 Compact SWR Meter, Black","Astatic","Amazon","Automotive",398717,093642017680,00093642017680,0093642017680,"N/A","Multimeters & Analyzers",62,21.21,-35,6,6,,124.52,124.36,1133,4.5,"Amazon","N/A",14,90,-29,"Large Standard-Size",2.87,4.72,6.22,0.57,"N/A","N/A","02/28/2025",257,5,0,0.01
"https://amazon.com/dp/B0DWSWY62M","https://m.media-amazon.com/images/I/710yscDHIXL._SX450_.jpg","B0DWSWY62M","WERJIA Hard Case Compatible with Fluke Fluke 1587 FC/1507/1503/1508/1577 Digital Multimeter and Accessories (Case Only)","WERJIA","FBA","Automotive",401834,"N/A","N/A","N/A","N/A","Multimeters & Analyzers",63,15.99,274,17,13,107,289.96,200.44,6,4.8,"WERJIA","China",1,0,"N/A","Large Standard-Size",8.2,4,2,0.2,33.03,91.11,"04/30/2025",9,6,2,2.92
"https://amazon.com/dp/B0DGX49GJM","https://m.media-amazon.com/images/I/51XzMzqMHeL._SX450_.jpg","B0DGX49GJM","diymore USB C Power Meter,Digital Multimeter,USB C Tester Power Meter,Type C Voltage and Current Tester Meter,Working Time Ammeter Voltmeter USB Cable Charger Detector Color LED Display","diymore","FBA","Automotive",420207,"N/A","N/A","N/A","N/A","Multimeters & Analyzers",64,15.99,-4,38,16,-41,538.26,216.96,37,4.5,"diymore","China",1,0,"N/A","Small Standard-Size",0.47,2.99,5,0.02,3.54,9.76,"04/30/2025",14,8,4,1.02
"https://amazon.com/dp/B0DGX7SXM1","https://m.media-amazon.com/images/I/51gpKmNOxBL._SX450_.jpg","B0DGX7SXM1","diymore USB C Power Meter, Type C Voltage and Current Tester, Power Bank Capacity, Working Time Ammeter Voltmeter USB Cable Charger Detector LED Display Grey","diymore","FBA","Automotive",420234,"N/A","N/A","N/A","N/A","Multimeters & Analyzers",64,13.99,2,38,10,-41,538.26,143.11,37,4.5,"diymore","China",1,0,"N/A","Small Standard-Size",0.35,3.03,4.92,0.02,2.63,7.25,"04/30/2025",14,8,4,1.02
"https://amazon.com/dp/B0DR8314M5","https://m.media-amazon.com/images/I/51E8IQwANgL._SX450_.jpg","B0DR8314M5","Diymore USB C Power Meter Portable USB-C Tester,Digital Power Meter, for USB-C Phones, Laptops, Chargers and More Voltage Tester Multimeter Tester USB Tester Power Meter USB Power Meter","diymore","FBA","Automotive",420234,"N/A","N/A","N/A","N/A","Multimeters & Analyzers",64,22.99,8,38,4,-41,538.26,82.04,38,4.5,"diymore","China",1,0,"N/A","Small Standard-Size",2.13,1.1,0.51,0.04,0.6,1.67,"04/30/2025",9,8,4,0.99
"https://amazon.com/dp/B007HR74X0","https://m.media-amazon.com/images/I/61pZUQVMs8L._SX450_.jpg","B007HR74X0","Digital Multimeter Fuse 440mA (0.4A) 1000V DMM 44/100","Bussmann","FBA","Automotive",428915,610395592198,"N/A",0610395592198,"N/A","Multimeters & Analyzers",66,6.19,-1,13,13,-26,82.35,82.18,132,4.4,"Witonics of USA","USA",6,201,91,"Small Standard-Size",0.4,1.7,3,0.05,1.03,2.83,"09/30/2025",163,1,0,0.1
"https://amazon.com/dp/B0989GRJDH","https://m.media-amazon.com/images/I/61Jgq4CtHPL._SX450_.jpg","B0989GRJDH","2PCS Dual USB Current Voltage Charging Detector Voltmeter Ammeter Charger Doctor USB Tester DC LED Display (Color: Red & Blue)","ATNSINC","FBA","Automotive",431687,701715460713,"N/A",0701715460713,"N/A","Multimeters & Analyzers",67,11.99,-93,0,0,-132,"-","-",40,4.5,"Atnsinc","Hong Kong",1,75,-14,"Large Standard-Size",0.94,4.02,5.35,0.09,10.18,28.08,"07/31/2025",53,7,0,0
"https://amazon.com/dp/B0DK1LQDKG","https://m.media-amazon.com/images/I/71is-mpfosL._SX450_.jpg","B0DK1LQDKG","SNAKOL Analog Multimeter SK-88C,Pointer Multimeter，External Magnetic Multimetro,AC DC Volt 2500V,DC Current 10A,Rx 100K,Batt Tester,Diode/LED Testing,Remote Control Detection,11 Function,24 Range","SNAKOL","FBA","Automotive",440454,"N/A","N/A","N/A","N/A","Multimeters & Analyzers",60,49.99,-38,29,10,,968.37,470.58,49,4.3,"SNAKOL STORES","China",1,0,"N/A","Large Standard-Size",2.2,6.69,8.07,1.61,59.8,164.96,"10/31/2025",13,8,3,0.59
"https://amazon.com/dp/B00R9X7MZM","https://m.media-amazon.com/images/I/61MGvkRet-L._SX450_.jpg","B00R9X7MZM","Blue Sea Systems M2 AC Multimeter 1838","Blue Sea Systems","FBM","Automotive",473175,"N/A","N/A","N/A","N/A","Multimeters & Analyzers",70,338.46,33,1,1,,373.55,373.53,1,1,"Homestead Supply & More ✅","USA",4,0,"N/A","N/A","N/A","N/A","N/A","N/A","N/A","N/A","07/31/2025",86,1,0,1.05
"https://amazon.com/dp/B0F5QB1NPW","https://m.media-amazon.com/images/I/71RyzdqQuJL._SX450_.jpg","B0F5QB1NPW","Auto Ranging Digital Multimeter TRMS 6000 with Battery Alligator Clips Test Leads AC/DC Voltage/Account,Voltage Alert, Amp/Ohm/Volt Multi Tester/Diode (Orange & 38B)","Thsinde","FBA","Automotive",502288,"N/A","N/A",9108158261005,"N/A","Multimeters & Analyzers",71,35.62,-3,214,7,-20,4818.47,242.51,1776,4.5,"Thsinde","China",1,2877,-21,"N/A","N/A","N/A","N/A","N/A","N/A","N/A","06/30/2024",6,8,8,0.12
"https://amazon.com/dp/B0794XK4G7","https://m.media-amazon.com/images/I/71huQJExdQL._SX450_.jpg","B0794XK4G7","allsun Automotive Multimeter DMM DC Volt Ohm Temp Frequency Diode & Continuity Tester Automotive Diagnosis Tester Test RPM Dwell Angle","allsun","FBA","Automotive",530891,788537554110,"N/A",0788537554110,"N/A","Multimeters & Analyzers",73,38.5,13,9,9,-73,275.8,275.7,22,4.5,"Global Meter","China",1,117,72,"Large Standard-Size",2.56,7.17,9.29,1.01,85.85,236.83,"06/30/2025",94,9,0,0.41
"https://amazon.com/dp/B0FFLLDDDJ","https://m.media-amazon.com/images/I/818paQ29cWL._SX450_.jpg","B0FFLLDDDJ","Peyyargo Storage Case Compatible with Fluke 101/106 / 107 Basic Handheld Digital Multimeter Pocket Portable Meter","Peyyargo","FBA","Automotive",533489,"N/A","N/A","N/A","N/A","Multimeters & Analyzers",74,16.99,186,17,17,,264.25,263.94,6,4.4,"Peyyargo","China",1,0,"N/A","Large Standard-Size",6.61,4.33,3.15,0.29,45.42,125.3,"09/30/2025",5,9,0,2.91
"https://amazon.com/dp/B01GIYO1LU","https://m.media-amazon.com/images/I/71APAdzlWjL._SX450_.jpg","B01GIYO1LU","ALLOSUN EM127 Digital Automotive Meter Digital Multimeter RPM Dwell Angel Ignition System Test Duty Cycle Measurement 1999 Reading LCD DCV DC Resistance Measure","allsun","FBA","Automotive",537994,788537553885,00788537553885,0788537553885,"N/A","Multimeters & Analyzers",75,32.99,5,11,11,3,353.51,353.34,33,3.9,"ALLOSUN","China",1,215,-6,"Large Standard-Size",2.36,5.24,6.73,0.82,41.9,115.59,"06/30/2024",92,8,0,0.34
"https://amazon.com/dp/B077SHX9N8","https://m.media-amazon.com/images/I/61soWvEeRxS._SX450_.jpg","B077SHX9N8","Power Probe DMM Leads Kit (PPTK0001) [Diagnostic Car Test Tool, Digital Multimeter Leads, Replacement Lead, Electronic Diagnosis, Car Test Meter]","Power Probe","FBA","Automotive",561128,816724020367,00816724020367,0816724020367,"N/A","Multimeters & Analyzers",69,20.99,-5,6,6,-95,118.58,118.4,24,4.4,"Power Probe Group Inc.","USA",8,146,12,"Large Standard-Size",1.22,3.94,10.16,0.28,24.57,67.79,"11/30/2024",96,1,0,0.24
"https://amazon.com/dp/B0FWK3ZV92","https://m.media-amazon.com/images/I/71maksUtRLL._SX450_.jpg","B0FWK3ZV92","Dotexion QDB 5A Oscilloscope Multimeter Drive Tester for Stepper Motor Ignition Coil PWM Signals, Valves Diagnosis Tool","Dotexion","FBM","Automotive",620772,"N/A","N/A",6031093299624,"N/A","Multimeters & Analyzers",79,40.75,-24,12,12,,494.55,494.44,"N/A","N/A","Duwen76","China",1,0,"N/A","N/A","N/A","N/A","N/A","N/A","N/A","N/A","09/30/2025",1,8,0,"N/A"
"https://amazon.com/dp/B0F18BR46S","https://m.media-amazon.com/images/I/71vr3ZMSCyL._SX450_.jpg","B0F18BR46S","SURLABA Infrared Thermometer Gun DS=16:1 Laser Thermometer Gun with Adjustable Emissivity/Max/Min Measure, (-58°F to 1292°F) and TRMS 6000 Count Digital Multimeter DC AC Multi Meter for Electricians","SURLABA","FBA","Automotive",637914,"N/A","N/A","N/A","N/A","Multimeters & Analyzers",81,34.9,-14,0,0,-134,"-","-",36,4.2,"SURLABA-US","China",1,0,"N/A","Large Standard-Size",7.87,5.91,3.15,2.65,73.74,203.41,"07/31/2025",8,8,4,0.01
"https://amazon.com/dp/B0F21NXZ66","https://m.media-amazon.com/images/I/71vXao65MWL._SX450_.jpg","B0F21NXZ66","SURLABA Multimeter Tester TRMS 6000 Counts, Voltage Meter with NCV, Backlight, Data Hold, Auto Off - Measures AC/DC Voltage/Current, Resistance, Capacitance, Continuity for HVAC, Home & DIY (Blue)","SURLABA","FBA","Automotive",637914,"N/A","N/A","N/A","N/A","Multimeters & Analyzers",81,17.99,-15,0,0,-134,"-","-",36,4.2,"SURLABA-US","China",1,0,"N/A","Large Standard-Size",2.32,4.61,7.48,0.62,40.3,111.16,"07/31/2025",8,7,4,0.01
"https://amazon.com/dp/B0F28ZTV43","https://m.media-amazon.com/images/I/71mTejEYWrL._SX450_.jpg","B0F28ZTV43","SURLABA Multimeter Tester TRMS 6000 Counts, Voltage Meter with NCV, Backlight, Data Hold, Auto Off - Measures AC/DC Voltage/Current, Resistance, Capacitance, Continuity for HVAC, Home & DIY (Orange)","SURLABA","FBA","Automotive",637927,"N/A","N/A","N/A","N/A","Multimeters & Analyzers",81,17.99,-16,0,0,-134,"-","-",36,4.2,"SURLABA-US","China",1,0,"N/A","Large Standard-Size",5.91,3.15,1.97,0.6,18.43,50.85,"07/31/2025",8,7,4,0.01
"https://amazon.com/dp/B0F7XNT8G8","https://m.media-amazon.com/images/I/71sSSKNJcNL._SX450_.jpg","B0F7XNT8G8","BINTA Digital Multimeter 4000 Counts with Auto-Ranging AC/DC Current and Voltage, Ohm Volt Amp Meter Tests Live Wire, NCV, Capacitance, Continuity, Diode Measuring for Home Automotive Industrial","BINTA","FBA","Automotive",667529,"N/A","N/A","N/A","N/A","Multimeters & Analyzers",85,15.33,-33,30,17,-31,496,258.75,61,4.6,"BINTA-US","Hong Kong",1,0,"N/A","Large Standard-Size",2.13,4.49,6.69,0.79,32.15,88.7,"06/30/2025",6,8,3,0.49
"https://amazon.com/dp/B0F7XMCY9B","https://m.media-amazon.com/images/I/71soQO1VnhL._SX450_.jpg","B0F7XMCY9B","BINTA Digital Multimeter 2000 Counts with AC/DC Voltage, 1.5V/3V/9V Battery Tester Ohm Volt Amp Meter, Multimeter Tester with NCV, Temperature, Diode Measuring for Automotive Home Industrial","BINTA","FBA","Automotive",667529,"N/A","N/A","N/A","N/A","Multimeters & Analyzers",85,16.99,-17,30,9,-31,496,142.12,61,4.6,"BINTA-US","Hong Kong",1,0,"N/A","Large Standard-Size",2.24,4.41,6.77,0.82,33.74,93.07,"06/30/2025",6,8,3,0.49
"https://amazon.com/dp/B0F7XNM4GZ","https://m.media-amazon.com/images/I/711mHujBchL._SX450_.jpg","B0F7XNM4GZ","BINTA Digital Multimeter 6000 Counts with Auto-Ranging AC/DC Current and Voltage, Ohm Volt Amp Meter Tests Live Wire, NCV, HFE, Capacitance, Temperature, Continuity, Diode Measuring for Auto Home","BINTA","FBA","Automotive",680857,"N/A","N/A","N/A","N/A","Multimeters & Analyzers",84,23.99,10,30,4,-31,496,94.42,61,4.6,"BINTA-US","Hong Kong",1,0,"N/A","Large Standard-Size",2.4,4.45,6.77,0.86,36.4,100.42,"06/30/2025",6,8,3,0.49
"https://amazon.com/dp/B082P2M1CN","https://m.media-amazon.com/images/I/819a9sDxPiL._SX450_.jpg","B082P2M1CN","Lisle 82600 Digital Multimeter for Cat III, Red","Lisle","Amazon","Automotive",699348,083045826002,00083045826002,0083045826002,"N/A","Multimeters & Analyzers",86,37.78,-8,1,1,-95,19.54,19.51,13,3.4,"Amazon","N/A",19,43,8,"Large Standard-Size",1.85,3.98,6.3,0.67,"N/A","N/A","02/29/2024",71,3,0,0.04
"https://amazon.com/dp/B08Z3XBDJX","https://m.media-amazon.com/images/I/71gKnPEKWML._SX450_.jpg","B08Z3XBDJX","HELYZQ 5pcs The Third Generation Coil of 100 System Magnetic Levitation Suspension Coil","HELYZQ","FBA","Automotive",702153,"N/A","N/A",7445830209187,"N/A","Multimeters & Analyzers",86,9.98,26,15,15,13,145.96,145.62,11,4.1,"YItaitaio","China",2,89,-21,"Small Standard-Size",0.31,8.46,10.94,0.24,14.69,40.53,"02/29/2024",56,8,0,1.33
"https://amazon.com/dp/B0794PHMTB","https://m.media-amazon.com/images/I/61jyBkGWB-L._SX450_.jpg","B0794PHMTB","allsun Replacement Pro Inductive Pickup Lead Work with multimeter Automotive Accessory Parts","allsun","FBM","Automotive",726057,788537552833,"N/A",0788537552833,"N/A","Multimeters & Analyzers",89,13,-113,1,1,-147,17.33,17.32,51,4.2,"Global Meter","China",1,113,"N/A","Large Standard-Size",1.65,4.33,5.44,0.26,"N/A","N/A","06/30/2025",91,9,0,0.03
"https://amazon.com/dp/B09WWVBLHP","https://m.media-amazon.com/images/I/41kg9q7m4cL._SX450_.jpg","B09WWVBLHP","Walfront Voltage Reference Module DC 12V-24V AD584 2.5V/5.0V/7.5V/10.0V 4 Channel Multimeter Calibration 8 x 5cm / 3.1 x 2.0in","Walfront","FBA","Automotive",751904,"N/A","N/A","N/A","N/A","Multimeters & Analyzers",88,16.72,12,0,0,-133,"-","-",7,4.2,"Gytibedv-US","China",2,16,-20,"Small Standard-Size",0.47,3.23,4.57,0.07,3.51,9.67,"11/30/2024",44,9,0,0
"https://amazon.com/dp/B0C6QJ15J7","https://m.media-amazon.com/images/I/712Vkm2G5rL._SX450_.jpg","B0C6QJ15J7","Digital Electrical Multimeters DM303 Multimeter Oscilloscope for Voltage,Current,Resistance Measurement,Oscilloscope,Circuit,Cranking, Ignition Signal,Injector Test Multilingual with 12 Functions","QPKING","FBA","Automotive",782818,"N/A","N/A","N/A","N/A","Multimeters & Analyzers",88,129,-4,11,11,364,1454.1,1454.01,2,5,"QPKING","China",1,0,"N/A","Large Standard-Size",5,8,10,1,201.39,555.56,"09/30/2025",30,9,0,5.63
"https://amazon.com/dp/B07WVX4L8K","https://m.media-amazon.com/images/I/71URv9nbd0L._SX450_.jpg","B07WVX4L8K","BTMETER BT-770K Auto Ranging Automotive Multimeter for Dwell Angle Pulse Width Tach Temperature Duty Cycle Voltage Current Resistance Test","BTMETER","FBA","Automotive",783289,754407496064,00754407496064,0754407496064,"N/A","Multimeters & Analyzers",91,66.99,-17,12,12,-71,535.78,535.64,109,4.1,"bestmeter","China",1,210,3,"Large Standard-Size",2.64,5.08,9.09,1.37,61.38,169.32,"07/31/2025",75,7,0,0.11
"https://amazon.com/dp/B0C8998Y2G","https://m.media-amazon.com/images/I/51cjQ72ELeL._SX450_.jpg","B0C8998Y2G","ZIBOO ZB-T16 Multimeter Leads Test Lead Kit Automotive Long Reach Sharp Prod, CAT II 1000V","ZIBOO","FBA","Automotive",785539,718038444306,"N/A",0718038444306,"N/A","Multimeters & Analyzers",92,9.99,-36,19,19,-6,145.24,144.98,1,5,"Norza Tool","China",1,130,665,"Small Standard-Size",0.39,2.4,6.22,0.07,2.93,8.09,"09/30/2025",29,5,0,18.51
"https://amazon.com/dp/B00Z9Z7FCC","https://m.media-amazon.com/images/I/81u3HNUpTGL._SX450_.jpg","B00Z9Z7FCC","Fluke T5-1K/PRV240 Proving Unit Kit","Fluke","Amazon","Automotive",867513,095969786645,00095969786645,0095969786645,"N/A","Multimeters & Analyzers",97,375.59,5,3,3,1300,926.11,926.1,4,5,"Amazon","N/A",3,8,700,"Large Standard-Size",4.41,10.63,10.98,1.95,"N/A","N/A","10/31/2025",125,1,0,0.63
"https://amazon.com/dp/B0DV5G1WK8","https://m.media-amazon.com/images/I/51NRwFyWCsL._SX450_.jpg","B0DV5G1WK8","Moncer 2PCS Puncture Probe P5010 Auto Repairing Multimeter Test Clip Car Testing Tool with 4mm Female Sockets for Car Repairing, Black and Red","Moncer","FBA","Automotive",880407,"N/A","N/A","N/A","N/A","Multimeters & Analyzers",99,11.99,-8,4,4,89,43.83,43.6,"N/A","N/A","Moncer store","China",1,0,"N/A","Large Standard-Size",1.14,4.09,7.8,0.07,18.31,50.51,"08/31/2025",10,9,0,"N/A"
"https://amazon.com/dp/B000261PI8","https://m.media-amazon.com/images/I/61QeRt9geuL._SX450_.jpg","B000261PI8","Elenco - Deluxe Full Function Digital Multimeter Kit [ M-2666K ]","Elenco","Amazon","Automotive",885716,756619003009,00756619003009,0756619003009,"N/A","Multimeters & Analyzers",97,54.79,4,10,10,111,536.86,536.73,79,4.2,"Amazon","N/A",2,124,218,"Large Standard-Size",2.44,8.78,11.61,1.74,"N/A","N/A","12/31/2024",258,7,0,0.12
"https://amazon.com/dp/B0CM9GHMX7","https://m.media-amazon.com/images/I/71P9psB0RnL._SX450_.jpg","B0CM9GHMX7","Eujgoov Digital Multimeter Auto Ranging Voltage Tester 1000V with ABS Case Portable Electrical Tester Multipurpose Smart Diagnostics Tool for Home Professionals","Eujgoov","FBM","Automotive",890636,"N/A","N/A","N/A","N/A","Multimeters & Analyzers",99,19.5,-15,36,5,11,531.74,108.71,101,4.2,"Perfurt","China",1,346,"N/A","Large Standard-Size",1.75,3.32,7,0.5,"N/A","N/A","12/31/2023",24,9,3,0.35
"https://amazon.com/dp/B0CKDLR8PF","https://m.media-amazon.com/images/I/71-jS7Ro8fL._SX450_.jpg","B0CKDLR8PF","Vislone 2.4 Inch Wireless Voltage Meter Ammeter Voltmeter Coulometer Battery Power Detector Battery Capacity Tester Real-time Battery Monitor","VISLONE","FBA","Automotive",897028,"N/A","N/A","N/A","N/A","Multimeters & Analyzers",102,41.19,-43,5,5,,216.05,215.99,1,5,"ZHengHUiXin","China",1,0,"N/A","Large Standard-Size",9.84,6.89,2.56,0.73,87.37,241.02,"03/31/2025",25,8,2,5.07
"https://amazon.com/dp/B004KE467K","https://m.media-amazon.com/images/I/81fFn4EB3bL._SX450_.jpg","B004KE467K","Electronic Specialties 530 DVA Multimeter","ES","FBM","Automotive",900933,855174001212,00855174001212,0855174001212,"N/A","Multimeters & Analyzers",101,70.34,-6,6,6,-36,505.84,505.68,37,4.2,"DealerShop Inc.","USA",7,124,-11,"Large Standard-Size",2.2,6.85,7.01,0.96,"N/A","N/A","05/31/2024",174,2,0,0.17
"https://amazon.com/dp/B0C9D7J996","https://m.media-amazon.com/images/I/71FNPLBsfCL._SX450_.jpg","B0C9D7J996","LAUNCH X-431 Oscilloscope O2-2 Scopebox Analizador 4 Channels Digital Scopebox Tester USB Port","LAUNCH","FBA","Automotive",911656,"N/A","N/A","N/A","N/A","Multimeters & Analyzers",103,649,7,16,16,70,10140.09,10140,7,4.4,"Cardiag Tech CO.,LTD","China",2,153,40,"Large Standard-Size",4.75,14,16.75,9.95,560.81,1547.05,"09/30/2025",28,9,0,2.23
"https://amazon.com/dp/B0F5BXZ796","https://m.media-amazon.com/images/I/71sCAVTOvJL._SX450_.jpg","B0F5BXZ796","GLEAVI Digital Multimeter - Yellow Mini Multitester with Dc Ac Output Ohm Amp Voltage Tester for Beginners Compact with Overload Protection and Test Probes","GLEAVI","FBM","Automotive",977377,"N/A","N/A","N/A","N/A","Multimeters & Analyzers",108,10.09,"N/A",0,0,,"-","-","N/A","N/A","chaelamody","China",1,0,"N/A","Large Standard-Size",4.88,3.94,0.98,0.24,"N/A","N/A","-",7,9,4,"N/A"
"https://amazon.com/dp/B0002SRIW8","https://m.media-amazon.com/images/I/51rqzhG4UxL._SX450_.jpg","B0002SRIW8","Fluke - 880849 RPM80 RPM Probe with Inductive Pick-Up External Trigger","Fluke","Amazon","Automotive",995311,095969012058,00095969012058,6910662368773,"N/A","Multimeters & Analyzers",108,148.66,23,2,2,75,226.63,226.57,18,4.3,"Amazon","N/A",5,29,-22,"Large Standard-Size",1.61,5.91,11.89,0.53,"N/A","N/A","06/30/2024",255,1,0,0.09
"https://amazon.com/dp/B0006V2BP0","https://m.media-amazon.com/images/I/41gCrhEIF8L._SX450_.jpg","B0006V2BP0","Actron CP7665 AutoAnalyzer - Digital Automotive Multimeter, Orange","Actron","FBM","Automotive",1047174,021467076650,00021467076650,0021467076650,"N/A","Multimeters & Analyzers",111,10.99,-5,5,5,-33,57.31,57.11,38,4.4,"The GENERAL Store","USA",2,73,-11,"Large Standard-Size",1.85,5.39,8.54,0.69,"N/A","N/A","05/31/2024",254,2,0,0.14
"https://amazon.com/dp/B00NBM1DZA","https://m.media-amazon.com/images/I/81+imjvoE0L._SX450_.jpg","B00NBM1DZA","Fluke BC500 AC Power Charger","Fluke","Amazon","Automotive",1075211,095969765541,00095969765541,0095969765541,"N/A","Multimeters & Analyzers",114,249.76,"N/A",3,3,-150,619.44,619.38,2,4.6,"Amazon","N/A",3,10,-33,"Large Standard-Size",2.44,6.73,7.95,1.57,"N/A","N/A","04/30/2025",135,2,0,1.27
"https://amazon.com/dp/B0D2KWRJVJ","https://m.media-amazon.com/images/I/51QBygKPGKL._SX450_.jpg","B0D2KWRJVJ","Multimeter Tester Pen Voltage Detector Automatic Tester Pen Voltage Detector Electric Tool Electrical Screwdriver Meter Resistance Measurement Tool Capacitance Tester Continuity Checkerdiode Testing","MEELYHOME","FBA","Automotive",1089546,"N/A","N/A",7626930568019,"N/A","Multimeters & Analyzers",114,7.98,-40,16,16,225,131.17,131.15,1,5,"PENxhus","China",1,0,"N/A","Small Standard-Size",0.1,0.1,0.1,0.01,0,0,"09/30/2025",19,9,0,16.44
"https://amazon.com/dp/B0052P2AA6","https://m.media-amazon.com/images/I/71pRyBYCI0L._SX450_.jpg","B0052P2AA6","Morningstar Tristar Digital Meter-2 (TS-M-2) - for Tristar PWM and Tristar MPPT Solar Charge Controllers - Displays System Info, Logged Data, Bar Graphs, Alarms & Faults Troubleshooting - 5 Languages","Morningstar Corporation","FBA","Automotive",1099407,"N/A",04202250121818,4250983244342,"N/A","Multimeters & Analyzers",117,84.91,-15,0,0,250,"-","-",93,4,"MorningstarCorp","USA",3,9,-81,"Large Standard-Size",1.61,5.98,7.01,0.8,34.08,94.02,"03/31/2024",195,8,6,0
"https://amazon.com/dp/B0CZ18FD2Y","https://m.media-amazon.com/images/I/71WSC9jmV0L._SX450_.jpg","B0CZ18FD2Y","Pro50K AC/DC Solenoid Activator w/Multimeter Kit","Armada Technologies","FBM","Automotive",1121552,"N/A","N/A","N/A","N/A","Multimeters & Analyzers",115,240.48,26,11,11,514,2749.84,2749.71,1,5,"Tequipment","USA",4,48,"N/A","Large Standard-Size",9,3,12.5,1.4,"N/A","N/A","09/30/2025",20,1,0,10.98
"https://amazon.com/dp/B0F1MFXG8W","https://m.media-amazon.com/images/I/61DTiFSQ7DL._SX450_.jpg","B0F1MFXG8W","Banana Plug Connector Stackable Banana Jack Banana Terminal 10pcs Brass ABS for Security Accessories with 5 Red and 5 Black Plugs","ZJchao","FBA","Automotive",1126167,"N/A","N/A","N/A","N/A","Multimeters & Analyzers",116,11.46,33,0,0,-133,"-","-","N/A","N/A","salmue","China",2,0,"N/A","Large Standard-Size",5.12,3.54,0.79,0.11,7.19,19.83,"08/31/2025",8,9,0,"N/A"
"https://amazon.com/dp/B0DPHZ75MY","https://m.media-amazon.com/images/I/61VlYiVkkDL._SX450_.jpg","B0DPHZ75MY","Battery Monitor Remote Control with 2.4 Inch Screen, 10-100V 400A Coulomb Meter for RV, Worldwide Remote Connection via APP, RV Battery Monitor","CHICIRIS","FBA","Automotive",1126566,"N/A","N/A","N/A","N/A","Multimeters & Analyzers",118,109.16,50,0,0,-133,"-","-","N/A","N/A","Zinboes","China",2,0,"N/A","Large Standard-Size",9.84,7.09,3.15,1.72,110.61,305.12,"07/31/2025",11,9,0,"N/A"
"https://amazon.com/dp/B002X9IPB2","https://m.media-amazon.com/images/I/61MXAUq8KHL._SX450_.jpg","B002X9IPB2","Fluke 27II AVG Multimeter, 1000V AC/DC Voltage, 10A Current","Fluke","Amazon","Automotive",1129722,095969462655,00095969462655,0095969462655,"N/A","Multimeters & Analyzers",120,599.92,-14,3,3,350,2007.78,2007.65,8,4.6,"Amazon","N/A",4,23,53,"Large Standard-Size",3.46,6.3,10.87,2.37,"N/A","N/A","01/31/2024",192,8,0,0.42
"https://amazon.com/dp/B0FDQDGDRL","https://m.media-amazon.com/images/I/51zrSlWAaHL._SX450_.jpg","B0FDQDGDRL","QFDSHOPCO Hard Case Portable Storage Bag Compatible with Klein MM300 MM320 MM325 MM400 MM420 MM700 MM720 Digital Multimeter with Mesh Pocket for Accessories (Case Only)","QFDSHOPCO","FBA","Automotive",1144705,758918568456,"N/A",0758918568456,"N/A","Multimeters & Analyzers",123,12.99,86,5,5,,64.63,64.46,2,4.5,"QFDSHOPCO","China",1,0,"N/A","Large Standard-Size",8,4,2,0.12,32.22,88.89,"09/30/2025",5,7,0,2.48
"https://amazon.com/dp/B0FDL534QG","https://m.media-amazon.com/images/I/61lhxSKxxnL._SX450_.jpg","B0FDL534QG","ExaPen Multi-use Automotive Circuit Tester with Built-in Diagnostic Power (Blue)","ROTKEE","FBA","Automotive",1179901,199284963320,"N/A",0199284963320,"N/A","Multimeters & Analyzers",122,135,-4,3,2,67,410.91,207.11,"N/A","N/A","ROTKEE","Ukraine",1,0,"N/A","Large Standard-Size",6.3,5.91,2.36,0.93,44.24,122.05,"09/30/2025",5,5,2,"N/A"
"https://amazon.com/dp/B0FDKY8LWG","https://m.media-amazon.com/images/I/61qSqZx-P2L._SX450_.jpg","B0FDKY8LWG","ExaPen Multi-use Automotive Circuit Tester with Built-in Diagnostic Power (Orange)","ROTKEE","FBA","Automotive",1179959,199284898936,"N/A",0199284898936,"N/A","Multimeters & Analyzers",122,135,"N/A",3,2,67,410.91,203.69,"N/A","N/A","ROTKEE","Ukraine",1,0,"N/A","Large Standard-Size",6.3,5.91,2.36,0.93,44.24,122.05,"09/30/2025",5,5,2,"N/A"
"https://amazon.com/dp/B0CP1PBWNN","https://m.media-amazon.com/images/I/51Sm9knis4L._SX450_.jpg","B0CP1PBWNN","HNARL Analyzer and Cable Kit JLG 1001249695 2901443 1600244 Handheld Analyzer/Diagnostic Tool JLG Parts for JLG Boom Lift H800AJ 340AJ 450A Scissor Lift 6RS 10RS","HNARL","FBA","Automotive",1182187,768381467415,"N/A",0768381467415,"N/A","Multimeters & Analyzers",123,298,-50,2,2,,633.56,633.55,1,5,"AERIAL POWER PARTS","China",2,4,"N/A","Large Standard-Size",1.54,5.35,10.59,0.82,43.93,121.18,"09/30/2025",36,6,0,2.15
"https://amazon.com/dp/B09G2YLRX6","https://m.media-amazon.com/images/I/71XrQ3ARNeL._SX450_.jpg","B09G2YLRX6","Automotive Digital Multimeter, True RMS AC/DC Voltage & Current Tester, 6000 Counts Auto-Ranging with RPM, Dwell Angle, Pulse Width, Temperature, Duty Cycle, Continuity, and NCV Detection","Kethvoz","FBA","Automotive",1204594,755361318188,"N/A",0755361318188,"N/A","Multimeters & Analyzers",125,50.15,-13,3,1,-81,103.32,54.13,46,3.6,"HomKiang","China",1,93,48,"Large Standard-Size",2.64,5.2,9.02,1.39,62.34,171.98,"11/30/2024",38,6,3,0.07
"https://amazon.com/dp/B005T7K4LO","https://m.media-amazon.com/images/I/41jZc-+vCgL._SX450_.jpg","B005T7K4LO","Simpson 260-8P 12391 Relay Protected Black Analog Multimeter","Simpson","FBA","Automotive",1242818,"N/A","N/A","N/A","N/A","Multimeters & Analyzers",130,600.17,-10,2,2,-36,1258.16,1258.11,47,4.5,"Instru-Measure","USA",6,58,4,"Large Standard-Size",4.84,7.05,10.43,3.87,179.26,494.5,"11/30/2023",186,1,0,0.04
"https://amazon.com/dp/B003JZQE08","https://m.media-amazon.com/images/I/41s8mvtqOXL._SX450_.jpg","B003JZQE08","Auto Meter BVA-200S Intelligent Hand Held Electrical System Analyzer,Multi","AUTO GAGE","Amazon","Automotive",1273563,046074134524,00046074134524,0046074134524,"N/A","Multimeters & Analyzers",132,883.76,6,2,2,-107,1331.82,1331.75,3,3.3,"Amazon","N/A",2,25,56,"Large bulky",18.2,11.2,8.2,6.7,"N/A","N/A","01/31/2025",136,4,0,0.53
"https://amazon.com/dp/B0CSDMGFKQ","https://m.media-amazon.com/images/I/51I+108+XdL._SX450_.jpg","B0CSDMGFKQ","Chazcool Wire Piercing Probe, 2PCS P5010 Automotive Test Cable Kit, Wire Probe Auto Car Repairing Multimeter Testing Tool","Chazcool","FBA","Automotive",1291187,"N/A","N/A","N/A","N/A","Multimeters & Analyzers",133,11.29,9,4,4,350,45.45,45.29,6,3.5,"Chazcool","China",1,54,"N/A","Large Standard-Size",1,2,4,0.05,4.03,11.11,"06/30/2024",22,5,0,0.67
"https://amazon.com/dp/B0F5HKLTQF","https://m.media-amazon.com/images/I/51QrE44EDfL._SX450_.jpg","B0F5HKLTQF","Fayelume AN8008 Digital Multimeter, Automotive Multimeter, Multimeter Tester AC Voltage Ammeter Current Meter Tester (Batteries Not Included)","Fayelume","FBA","Automotive",1306526,"N/A","N/A","N/A","N/A","Multimeters & Analyzers",135,33.09,-14,4,4,220,143.79,143.66,2,5,"Fayelume","China",1,0,"N/A","Large Standard-Size",6.69,4.72,1.57,0.6,25.07,69.16,"08/31/2025",7,9,0,2.19
"https://amazon.com/dp/B004GDY1KM","https://m.media-amazon.com/images/I/81c6IHwVnDL._SX450_.jpg","B004GDY1KM","OTC 3980 750 Series Automotive Multimeter,Black","OTC","Amazon","Automotive",1307617,731413549410,00731413549410,0731413549410,"N/A","Multimeters & Analyzers",136,211.86,-5,2,2,-8,434.89,434.81,78,4.2,"Amazon","N/A",9,40,-45,"Large Standard-Size",12.5,10.2,2.5,2.45,"N/A","N/A","11/30/2023",179,3,0,0.03
"https://amazon.com/dp/B0BC45S8X6","https://m.media-amazon.com/images/I/51ZF1SNNytL._SX450_.jpg","B0BC45S8X6","Multimeter LCD Display Screen Panel Replacement for FLUKE 83 FLUKE 85","Generic","FBA","Automotive",1351363,"N/A","N/A","N/A","N/A","Multimeters & Analyzers",139,35.88,11,4,4,,168.15,168.08,"N/A","N/A","JayTong","China",2,0,"N/A","Large Standard-Size",7.87,5.51,3.15,0.22,68.82,189.85,"10/31/2025",39,3,0,"N/A"
"https://amazon.com/dp/B00T7UGQPW","https://m.media-amazon.com/images/I/51mYSEPMwzL._SX450_.jpg","B00T7UGQPW","Ironton Digital Pocket Multimeter - 6 Functions","Ironton","FBM","Automotive",1390116,"N/A","N/A","N/A","N/A","Multimeters & Analyzers",144,24.99,16,0,0,-150,"-","-",1,5,"Northern Tool + Equipment","N/A",1,3,"N/A","Large Standard-Size",6.45,9.4,2.1,0.68,"N/A","N/A","06/30/2025",126,1,0,0
"https://amazon.com/dp/B0FGXKNRHD","https://m.media-amazon.com/images/I/51R57iaP8TL._SX450_.jpg","B0FGXKNRHD","Digital Multimeter Wristband – Compact, Portable Tester, Resistance & Continuity Testing, Rechargeable USB Power, Red Strap","Stddan","FBM","Automotive",1398662,"N/A","N/A",6442912065557,"N/A","Multimeters & Analyzers",147,62.61,-37,0,0,,"-","-","N/A","N/A","LEISHENG123","China",3,0,"N/A","Small Standard-Size",0.39,0.39,0.39,0.44,"N/A","N/A","09/30/2025",4,4,1,"N/A"
"https://amazon.com/dp/B004GDSOXC","https://m.media-amazon.com/images/I/619LGnWIwnL._SX450_.jpg","B004GDSOXC","OTC 3910 55 Series Digital Multimeter","OTC","FBA","Automotive",1410288,731413549397,00731413549397,0731413549397,"N/A","Multimeters & Analyzers",144,35,-44,2,1,,96.35,39.05,33,3.5,"Idea Liftoff","USA",1,27,-25,"Large Standard-Size",1.77,6.18,9.69,0.73,53.4,147.3,"01/31/2024",179,1,2,0.05
"https://amazon.com/dp/B004GDY1FM","https://m.media-amazon.com/images/I/819u2+eNypL._SX450_.jpg","B004GDY1FM","OTC 3940 550 Series Digital Multimeter, Black","OTC","Amazon","Automotive",1410288,731413549403,00731413549403,0731413549403,"N/A","Multimeters & Analyzers",144,142,27,1,0,1000,85.44,"-",33,3.5,"Amazon","N/A",12,27,-25,"Large Standard-Size",2.52,6.77,10.75,1.31,"N/A","N/A","01/31/2024",179,1,2,0.04
"https://amazon.com/dp/B0G192MXR6","https://m.media-amazon.com/images/I/711RX9xXPdL._SX450_.jpg","B0G192MXR6","FANSHINUO Professional Automotive Diagnostic Tool with Oscilloscope and Multimeter for Precise Vehicle Component Analysis","FANSHINUO","FBM","Automotive",1419477,"N/A","N/A",7777880036582,"N/A","Multimeters & Analyzers",144,60.99,"N/A",0,0,,"-","-","N/A","N/A","ronglingjiu","China",1,0,"N/A","N/A","N/A","N/A","N/A","N/A","N/A","N/A","-",0,9,0,"N/A"
"https://amazon.com/dp/B0B6BNNQ1V","https://m.media-amazon.com/images/I/61Yq9pzfkSL._SX450_.jpg","B0B6BNNQ1V","CC-65 AC/DC Current Clamp Digital Multimeter 20KHz Bandwidth with BNC Plug","Hantek","FBA","Automotive",1429596,"N/A","N/A","N/A","N/A","Multimeters & Analyzers",145,63.89,26,3,3,-117,167.14,166.96,3,4.7,"Labloot Tools Store","China",1,61,"N/A","Large Standard-Size",1.97,4.45,8.46,0.56,37.32,102.96,"11/30/2024",38,8,0,0.87
"https://amazon.com/dp/B000OBW710","https://m.media-amazon.com/images/I/61ll34HTCzL._SX450_.jpg","B000OBW710","OTC 3492 Heavy-Duty Digital Pressure/Temperature Analyzer","OTC","Amazon","Automotive",1438756,731413025846,00731413025846,0731413025846,"N/A","Multimeters & Analyzers",148,1248.43,1,2,2,,2318.6,2318.51,12,4.7,"Amazon","N/A",10,23,44,"Large bulky",8.62,9.76,16.89,6.04,"N/A","N/A","06/30/2025",195,1,0,0.16
"https://amazon.com/dp/B0FFLVCKRS","https://m.media-amazon.com/images/I/81t1ltbfiDL._SX450_.jpg","B0FFLVCKRS","Peyyargo Storage Case Compatible with Fluke 117/116 / 115/114 / 113 Digital Electrician Utility Multimeter","Peyyargo","FBA","Automotive",1443328,"N/A","N/A","N/A","N/A","Multimeters & Analyzers",147,18.99,-14,3,3,280,54.04,53.87,4,3.1,"Peyyargo","China",1,0,"N/A","Large Standard-Size",3.07,4.69,8.74,0.35,63.36,174.78,"08/31/2025",5,9,0,0.79
"https://amazon.com/dp/B000JFHMR0","https://m.media-amazon.com/images/I/71B7lyhtmlL._SX450_.jpg","B000JFHMR0","ESI 585K Deluxe Automotive DMM","ES","FBA","Automotive",1446398,855174001021,00855174001021,0855174001021,"N/A","Multimeters & Analyzers",148,106.2,-3,1,1,100,161.06,160.98,89,4.3,"JBTools","USA",16,39,-7,"Large Standard-Size",10.1,7.7,3,2.15,117.47,324.04,"06/30/2025",229,2,0,0.02
"https://amazon.com/dp/B0BJKB9H6R","https://m.media-amazon.com/images/I/41+TSs5ukEL._SX450_.jpg","B0BJKB9H6R","2PCS USB Tester Type-C Voltmeter Voltage Current Tester 4-30V 5V 12V 24V 0-6.5A 120W Power Meter Multimeter Ammeter Type C USB Charger Tester Color Display Capacity Fast Charge Converter(Black)","AITIAO","FBA","Automotive",1469478,701715566460,"N/A",0701715566460,"N/A","Multimeters & Analyzers",150,14.99,-81,14,3,160,158.21,37.38,25,4.3,"Aitiao US","China",1,111,-32,"Small Standard-Size",0.75,3.78,5.67,0.09,8.09,22.33,"12/31/2023",37,8,3,0.55
"https://amazon.com/dp/B0127V1LT8","https://m.media-amazon.com/images/I/61OlhLkCJCL._SX450_.jpg","B0127V1LT8","Simpson 260-8XI / 12395 Analog Multimeter VOM","SIMPSON","FBA","Automotive",1482274,"N/A","N/A",7807342415775,"N/A","Multimeters & Analyzers",153,514.99,-9,1,1,-71,546.98,546.94,1,5,"Instru-Measure","USA",8,10,"N/A","Large Standard-Size",4.61,7.2,10.47,2.87,174.97,482.67,"08/31/2025",140,1,0,1.07
"https://amazon.com/dp/B000TA3FKS","https://m.media-amazon.com/images/I/7106TmM1mjL._SX450_.jpg","B000TA3FKS","Velleman MK105 Signal Generator Kit, 1kHz Fixed Frequency","Velleman","Amazon","Automotive",1484239,836479007031,05410329001056,5410329001056,"N/A","Multimeters & Analyzers",154,10.95,2,2,2,267,28.74,28.6,68,4.1,"Amazon","N/A",4,25,-48,"Large Standard-Size",3,5.9,1.5,0.1,"N/A","N/A","01/31/2024",220,1,0,0.04
"https://amazon.com/dp/B00H2W95Y6","https://m.media-amazon.com/images/I/61l-4OVkoKL._SX450_.jpg","B00H2W95Y6","Auto Meter BCT-200J Intelli-Check II Electrical System Analyzer","AUTO METER","FBM","Automotive",1502640,046074133817,00046074133817,0046074133817,"N/A","Multimeters & Analyzers",158,1325.99,-2,1,1,-68,1381.15,1381.11,7,4.8,"Autoplicity ✅","USA",7,49,104,"Large bulky",18.1,11.4,8.1,8.35,"N/A","N/A","08/31/2025",143,7,0,0.14
"https://amazon.com/dp/B0BJK9P1KC","https://m.media-amazon.com/images/I/51K7cTdlLCL._SX450_.jpg","B0BJK9P1KC","AITIAO 2Pcs Type-C USB Voltage Current Tester 4-30V 6.5A 120W Fast Charge Converter 4V 5V 12V 24V 30V USB Type C Cable Tester Voltmeter Ammeter Power Multimeter HD Color Display Capacity(White)","AITIAO","FBA","Automotive",1511161,701715566477,"N/A",0701715566477,"N/A","Multimeters & Analyzers",160,16.99,-6,14,2,160,158.21,40.66,25,4.3,"Aitiao US","China",1,111,-32,"Large Standard-Size",1.5,4.29,5.08,0.09,16.46,45.4,"12/31/2023",37,8,3,0.55
"https://amazon.com/dp/B000GFB4IQ","https://m.media-amazon.com/images/I/51abiT2e12L._SX450_.jpg","B000GFB4IQ","Fluke C1600 Gear Box for Meter and Accessories,Yellow,Small","Fluke","Amazon","Automotive",1518239,700736684603,00095969240659,0700736684603,"N/A","Multimeters & Analyzers",161,126.99,26,1,1,-75,134.39,134.3,87,4.4,"Amazon","N/A",3,25,39,"Large Standard-Size",7.64,12.09,15.24,2.69,"N/A","N/A","09/30/2024",217,1,0,0.01
"https://amazon.com/dp/B0DP776HKM","https://m.media-amazon.com/images/I/51pS3u+gB+L._SX450_.jpg","B0DP776HKM","TOOLTOP ET13S Thermal Camera 192 * 192 Thermal Camera Multimeter 9999 Counts Voltage Duty Cycle Diode Ohm Test","Generic","FBA","Automotive",1527364,"N/A","N/A","N/A","N/A","Multimeters & Analyzers",160,119.51,-23,1,1,250,125.18,125.16,3,3,"Heegkqu Direct","China",1,0,"N/A","Large Standard-Size",7.48,6.3,1.77,0.88,42.03,115.95,"01/31/2025",12,9,0,0.35
"https://amazon.com/dp/B08QS34Q8G","https://m.media-amazon.com/images/I/61xHQjYjWTL._SX450_.jpg","B08QS34Q8G","Omabeta Digital Multimeter Voltmeter, 1Pcs AN8009 Multimeter 9999 Count Digital Multimeter -20~1000 C/-4F-1832F Used for Testing Voltage Current Continuity","Omabeta","FBA","Automotive",1530752,"N/A","N/A",9588120594933,"N/A","Multimeters & Analyzers",163,25.29,-35,1,1,,25.29,25.28,1,4,"Fosdave-US","China",3,6,20,"Large Standard-Size",1.57,6.57,9.33,0.79,48.64,134.18,"12/31/2024",59,9,0,1
"https://amazon.com/dp/B0DBQTTVTS","https://m.media-amazon.com/images/I/71sEZPupqFL._SX450_.jpg","B0DBQTTVTS","Victron Energy GX Touch 50 Flush","Victron Energy","FBM","Automotive",1575112,"N/A","N/A",8719076062868,"N/A","Multimeters & Analyzers",165,245.65,-6,1,1,,299.56,299.5,"N/A","N/A","12 Volt Power","USA",7,22,"N/A","N/A","N/A","N/A","N/A","N/A","N/A","N/A","02/28/2025",16,1,0,"N/A"
"https://amazon.com/dp/B00CXFZP46","https://m.media-amazon.com/images/I/31gUxniuQbL._SX450_.jpg","B00CXFZP46","Fill-Rite KIT800MK 800 Meters Mounting Kit for FR600, FR1200, and FR2400 Series Pumps","Fill-Rite","Amazon","Automotive",1588740,089404217146,00089404217146,0089404217146,"N/A","Multimeters & Analyzers",167,66.29,-37,3,3,150,226.28,226.14,3,5,"Amazon","N/A",6,254,-57,"Large Standard-Size",3.07,3.66,4.8,0.75,"N/A","N/A","03/31/2024",150,3,1,0.04
"https://amazon.com/dp/B0DBR23ZHM","https://m.media-amazon.com/images/I/613Tn+GCzLL._SX450_.jpg","B0DBR23ZHM","Victron Energy GX Touch 70 Flush","Victron Energy","FBM","Automotive",1697262,"N/A","N/A",8719076062875,"N/A","Multimeters & Analyzers",171,361.25,-11,2,2,,795.46,795.39,"N/A","N/A","12 Volt Power","USA",6,33,"N/A","Large Standard-Size",8.46,2.56,5.12,1.87,"N/A","N/A","11/30/2024",16,1,0,"N/A"
"https://amazon.com/dp/B0DZN7C267","https://m.media-amazon.com/images/I/71MXOa0-jdL._SX450_.jpg","B0DZN7C267","HP-770K Digital Automotive Multimeter car Engine Analyzer Hanhold Tester Diode/HFE/NCV/Continuity Buzzer Measuring Tool","SEEIRIR","FBM","Automotive",1711024,"N/A","N/A",6441504072027,"N/A","Multimeters & Analyzers",173,130.28,"N/A",0,0,,"-","-","N/A","N/A","taizhoushidimaimaoyistore","China",1,0,"N/A","Small Standard-Size",1.18,0.79,0.39,0.66,"N/A","N/A","-",8,2,1,"N/A"
"https://amazon.com/dp/B000JZ77UC","https://m.media-amazon.com/images/I/81ufooAsa2L._SX450_.jpg","B000JZ77UC","ESI 655 1000 Amp DC/AC Current Probe / DMM, Factory","ES","Amazon","Automotive",1721664,855174001243,00855174001243,0855174001243,"N/A","Multimeters & Analyzers",175,113.98,41,0,0,-92,"-","-",43,4.4,"Amazon","N/A",17,33,-3,"Large Standard-Size",2.36,5.83,9.92,1.32,"N/A","N/A","12/31/2023",253,2,0,0.01
"https://amazon.com/dp/B002QESTYM","https://m.media-amazon.com/images/I/71GwTh8L+kL._SX450_.jpg","B002QESTYM","Computech 4500 Eliminator Practice Tree","Computech","Amazon","Automotive",1734355,601808045004,"N/A",6848126037623,"N/A","Multimeters & Analyzers",177,409.99,2,2,2,,865.81,865.75,8,3.6,"Amazon","N/A",4,8,300,"Large Standard-Size",5.51,8.5,10.75,2.4,"N/A","N/A","10/31/2025",194,1,0,0.26
"https://amazon.com/dp/B0C5SWJ8TZ","https://m.media-amazon.com/images/I/61VoCy+kY7L._SX450_.jpg","B0C5SWJ8TZ","Fluke FEV100/TY 1 Kit for Electrical Vehicle Charging Station Testing, with Type 1 Plug for EVSE, 87V Multimeter, and TL224 Test Leads","Fluke","Amazon","Automotive",1748452,195112043066,"N/A",0195112043066,"N/A","Multimeters & Analyzers",177,1505.99,13,1,1,-11,1003.99,1003.95,"N/A","N/A","Amazon","N/A",3,66,"N/A","Large bulky",13,13.25,20.75,10.1,"N/A","N/A","05/31/2025",25,5,0,"N/A"
"https://amazon.com/dp/B000JFHMRA","https://m.media-amazon.com/images/I/81-f1QOivEL._SX450_.jpg","B000JFHMRA","ESI 685 400 Amps DC/AC Current Probe/DMM with Frequency","ES","FBM","Automotive",1758924,855174001045,00855174001045,0855174001045,"N/A","Multimeters & Analyzers",179,168.49,31,0,0,-127,"-","-",40,3.8,"eToolDirect","USA",8,43,-16,"Large Standard-Size",2.64,5.24,9.25,1.1,"N/A","N/A","11/30/2024",254,3,0,0
"https://amazon.com/dp/B081TWVPCD","https://m.media-amazon.com/images/I/61U3lbakBnL._SX450_.jpg","B081TWVPCD","UT658 Dual USB Tester with Digital Voltmeter and Ammeter for Power, Voltage, and Current Measurement in Production Verification and Engineering Testing","Walfront","FBA","Automotive",1777717,738585539348,"N/A",0738585539348,"N/A","Multimeters & Analyzers",180,22.73,14,0,0,-25,"-","-",141,4.3,"Luoyuu","China",2,23,-73,"Small Standard-Size",0.5,2.6,5.1,0.04,3.34,9.21,"11/30/2023",72,9,0,0
"https://amazon.com/dp/B000CIPM9O","https://m.media-amazon.com/images/I/81vlQyxmhWL._SX450_.jpg","B000CIPM9O","Calterm 66420 Electrical Analog Multimeter, 5 Function and 12 Range, 300V AC/DC","Calterm","FBM","Automotive",1806425,046494664205,00046494664205,0046494664205,"N/A","Multimeters & Analyzers",183,10.99,22,0,0,-133,"-","-",14,3.6,"216racing","USA",3,39,-25,"Large Standard-Size",6.6,3.4,1.7,0.35,"N/A","N/A","12/31/2024",240,1,0,0
"https://amazon.com/dp/B0FB3W1VTM","https://m.media-amazon.com/images/I/41Ljc2YQMYL._SX450_.jpg","B0FB3W1VTM","ChargerLAB Power-Z ET240 PD Protocol Analyzer – Supports DP Packet, USB4 Sideband Messages & DisplayPort Sideband Standard AUX Decoding, VBUS and CC1/CC2 Voltage and Current Monitoring","ChargerLAB","FBA","Automotive",1821390,756166474161,"N/A",0756166474161,"N/A","Multimeters & Analyzers",184,499.99,-13,4,4,,1904.51,1904.41,1,1,"ChargerLAB","China",1,0,"N/A","Large Standard-Size",3.98,2.52,0.98,0.16,4.95,13.65,"09/30/2025",6,4,0,3.83
"https://amazon.com/dp/B00AF1AT6Y","https://m.media-amazon.com/images/I/61wGp9WdoiL._SX450_.jpg","B00AF1AT6Y","Pro'sKit MT-2017 Analog Meter","Pro'sKit","FBM","Automotive",1844546,"N/A",04710810409967,4710810409967,"N/A","Multimeters & Analyzers",185,34.44,2,0,0,33,"-","-",77,4.2,"Standard Supply Electronics","USA",5,28,-36,"Large Standard-Size",2.56,5.43,6.85,1.11,"N/A","N/A","11/30/2023",165,5,0,0
"https://amazon.com/dp/B0D31KHT5R","https://m.media-amazon.com/images/I/71XfEroi5WL._SX450_.jpg","B0D31KHT5R","RANGERHINO True RMS Digital Multimeter Voltage Tester, Smart Measurement Auto-Ranging Volt Meter, Non Contact Tester Tools, Measures AC/DC Voltage, NCV, Capacitance, Resistance, Diode, Continuity","RANGERHINO","FBA","Automotive",1858282,"N/A","N/A","N/A","N/A","Multimeters & Analyzers",186,16.98,"N/A",2,2,,35.23,35.16,10,4.6,"RANGERHINO","Hong Kong",1,18,"N/A","Large Standard-Size",1.97,4.96,10.12,0.37,49.79,137.34,"05/31/2025",19,8,0,0.21
"https://amazon.com/dp/B0CW1JRFVL","https://m.media-amazon.com/images/I/51s6WB8I0nL._SX450_.jpg","B0CW1JRFVL","Inline Voltage Meter Weather Proof watt Meter 12×9×4 4.8v~60v 130a high watt Meter Voltage amp Meter Power Analyzer","JTLB","FBM","Automotive",1912023,"N/A","N/A","N/A","N/A","Multimeters & Analyzers",191,13.19,"N/A",1,1,,12.89,12.89,"N/A","N/A","Fenwies-EU","China",1,0,"N/A","Large Standard-Size",4.72,3.54,1.57,0.26,"N/A","N/A","-",21,10,0,"N/A"
"https://amazon.com/dp/B0D31GY1Z8","https://m.media-amazon.com/images/I/71NQeXlcBVL._SX450_.jpg","B0D31GY1Z8","RANGERHINO Digital Multimeter TRMS 6000 Counts Voltage Tester Amp Ohm Volt Meter Auto-Ranging Fast Tester,Measure AC/DC Current Voltage Resistance Diodes Continuity Capacitance Hz Temperature","RANGERHINO","FBA","Automotive",2003378,"N/A","N/A","N/A","N/A","Multimeters & Analyzers",197,26.45,-4,12,3,57,231.78,77.48,42,4.1,"RANGERHINO","Hong Kong",1,172,"N/A","Large Standard-Size",1.93,4.76,6.57,0.77,30.39,83.83,"02/28/2025",19,9,2,0.27
"https://amazon.com/dp/B000FN5GSI","https://m.media-amazon.com/images/I/81L76UnwwfL._SX450_.jpg","B000FN5GSI","Electronic Specialties 380 Digital Multimeter with Holster","ES","FBM","Automotive",2031764,855174001250,00855174001250,0855174001250,"N/A","Multimeters & Analyzers",199,34.86,7,1,1,,44.4,44.33,0,"N/A","CBM Tools","USA",20,4,100,"Large Standard-Size",7.4,5.1,1.7,0.85,"N/A","N/A","09/30/2025",253,1,0,"N/A"
"https://amazon.com/dp/B0CZGB77WV","https://m.media-amazon.com/images/I/6190esv9URL._SX450_.jpg","B0CZGB77WV","Digital Multimeter for Ht123 Tester Electrical Parameter Measurement Multimeters, Automatic Digital Multimeter Smart Measurement, Electrical Tester Voltmeter Multimeter Non","ZIZEV","FBA","Automotive",2045386,"N/A","N/A","N/A","N/A","Multimeters & Analyzers",200,17.43,6,0,0,-33,"-","-",6,4.2,"hongculier-US","China",2,0,"N/A","Large Standard-Size",5.91,3.94,1.57,0.42,18.43,50.85,"06/30/2025",20,9,0,0
"https://amazon.com/dp/B004KE464I","https://m.media-amazon.com/images/I/91hogbIpmSL._SX450_.jpg","B004KE464I","Electronic Specialties 597 Premium Automotive CATIII 1000V Hybrid Safe DMM","ES","FBA","Automotive",2070126,855174001434,00855174001434,0855174001434,"N/A","Multimeters & Analyzers",205,193.13,14,0,0,-120,"-","-",36,4.2,"JBTools","USA",13,29,53,"Large Standard-Size",12,9.3,3.2,3.25,179.8,496,"05/31/2025",178,2,0,0
"https://amazon.com/dp/B004K2FLP8","https://m.media-amazon.com/images/I/61vm9PLMBeL._SX450_.jpg","B004K2FLP8","OTC 3505A 100 Series Autoranging Automotive Multimeter","OTC","Amazon","Automotive",2128302,731413548918,00731413548918,0731413548918,"N/A","Multimeters & Analyzers",207,273.32,12,1,1,,161.66,161.63,11,3.8,"Amazon","N/A",14,8,-50,"Large Standard-Size",2.09,6.42,9.84,1.25,"N/A","N/A","09/30/2025",229,1,0,0.05
"https://amazon.com/dp/B0DM3K9QXB","https://m.media-amazon.com/images/I/51FE+aA5lnL._SX450_.jpg","B0DM3K9QXB","GEARWRENCH Technicians True RMS Digital Multimeter | GWDM015","GEARWRENCH","FBM","Automotive",2143583,099575100154,"N/A",0099575100154,"N/A","Multimeters & Analyzers",208,79.95,9,1,1,-113,61.71,61.68,1,5,"1TopTools","USA",5,0,"N/A","Large Standard-Size",2.72,5.47,8.07,1.48,"N/A","N/A","01/31/2025",12,8,0,"N/A"
"https://amazon.com/dp/B000JFHMQ6","https://m.media-amazon.com/images/I/717yGBPognL._SX450_.jpg","B000JFHMQ6","ESI 480A Auto Ranging Multimeter","ES","FBM","Automotive",2158698,999992642698,00855174001014,0999992642698,"N/A","Multimeters & Analyzers",209,46.64,5,0,0,-20,"-","-",8,4.8,"CBM Tools","USA",23,11,"N/A","Large Standard-Size",2.09,6.18,9.88,0.93,"N/A","N/A","01/31/2025",255,1,0,0.02
"https://amazon.com/dp/B0D4MSF2KL","https://m.media-amazon.com/images/I/41pW0RJMqjL._SX450_.jpg","B0D4MSF2KL","FLIR TA87 Remote Monitoring Gateway Universal Power Adaptor","FLIR","Amazon","Automotive",2167637,793950377871,"N/A",0793950377871,"N/A","Multimeters & Analyzers",210,53.46,-8,1,1,50,74.91,74.89,"N/A","N/A","Amazon","N/A",1,0,"N/A","Large Standard-Size",2.13,3.58,5.59,0.6,"N/A","N/A","05/31/2025",17,5,0,"N/A"
"https://amazon.com/dp/B07X4Y74XG","https://m.media-amazon.com/images/I/51Mzi0HVK-L._SX450_.jpg","B07X4Y74XG","Yanmis Puncture Probe, 2Pcs P5010 Multimeter Test Leads Auto Repairing Multimeter Test Clip Car Testing Tool for Auto Repairing","Yanmis","FBA","Automotive",2171526,706092923035,"N/A",0706092923035,"N/A","Multimeters & Analyzers",211,12.52,-15,0,0,,"-","-",27,4.3,"Yanmis","China",2,19,-39,"Small Standard-Size",0.51,3.15,5.75,0.07,4.65,12.83,"07/31/2024",75,9,0,0
"https://amazon.com/dp/B00DTEFE78","https://m.media-amazon.com/images/I/71bQr1bIaYL._SX450_.jpg","B00DTEFE78","Lang Tools 13809 CAT III Digital Multimeter, Black, One Size","Lang Tools","Amazon","Automotive",2199509,077769138091,00077769138091,0077769138091,"N/A","Multimeters & Analyzers",213,40.39,3,0,0,-111,"-","-",20,3.9,"Amazon","N/A",8,15,-46,"Large Standard-Size",2.72,5.98,9.17,0.84,"N/A","N/A","09/30/2024",148,6,0,0
"https://amazon.com/dp/B0093J6AHQ","https://m.media-amazon.com/images/I/81C23d5fSmL._SX450_.jpg","B0093J6AHQ","Electronic Specialties TMX-589 Red/Gray Tech Meter Kit","ES","FBM","Automotive",2225235,855174001786,00855174001786,0855174001786,"N/A","Multimeters & Analyzers",215,284.5,22,0,0,-126,"-","-",35,4.2,"American-Mechanic","USA",11,18,50,"Large Standard-Size",15.7,11.7,4.3,6,"N/A","N/A","07/31/2025",159,3,0,0
"https://amazon.com/dp/B07H9S4WHR","https://m.media-amazon.com/images/I/71d6W40xKzL._SX450_.jpg","B07H9S4WHR","Replacement Battery for Fluke ScopeMeter 123, ScopeMeter 123S, ScopeMeter 124, ScopeMeter 124S Part NO FLUKE BP130","Xsplendor","FBM","Automotive",2252712,"N/A","N/A",8011554023010,"N/A","Multimeters & Analyzers",219,35.66,-6,1,1,,36.4,36.38,2,2.6,"XSPLENDOR","China",1,10,"N/A","N/A","N/A","N/A","N/A","N/A","N/A","N/A","07/31/2024",86,6,0,0.51
"https://amazon.com/dp/B0D94F1DJR","https://m.media-amazon.com/images/I/61zJ-k8aqBL._SX450_.jpg","B0D94F1DJR","UYIGAO Multimeter, Capacitor Tester, Microfarad Meter with Capacitance Digital Multimeter 6013L LCD Display Low Power Consumption Meters","plplaaoo","FBM","Automotive",2256413,"N/A","N/A","N/A","N/A","Multimeters & Analyzers",221,26.57,22,2,2,,48.47,48.46,1,5,"xjinwalo","China",1,0,"N/A","Large Standard-Size",1.97,1.18,0.79,8.82,"N/A","N/A","09/30/2025",16,9,0,2.1
"https://amazon.com/dp/B0DZMBNMR1","https://m.media-amazon.com/images/I/61lzTs1ViGL._SX450_.jpg","B0DZMBNMR1","FS899L 6000 Count Professional Multimeter AC/DC Voltage Test Current Ampere Meter Sm-Art Touch Screen Multimeter NCV Diode Test(FS899L)","SEEIRIR","FBM","Automotive",2275935,"N/A","N/A",6441504070429,"N/A","Multimeters & Analyzers",219,50,5,0,0,,"-","-","N/A","N/A","dengwuSHOP","China",5,0,"N/A","Small Standard-Size",1.18,0.79,0.39,0.66,"N/A","N/A","08/31/2025",8,2,2,"N/A"
"https://amazon.com/dp/B0DZLT8WS5","https://m.media-amazon.com/images/I/61UduCRzsHL._SX450_.jpg","B0DZLT8WS5","FS899L 6000 Count Professional Multimeter AC/DC Voltage Test Current Ampere Meter Sm-Art Touch Screen Multimeter NCV Diode Test(FS899C)","SEEIRIR","FBM","Automotive",2275993,"N/A","N/A",6441504070436,"N/A","Multimeters & Analyzers",219,75,44,0,0,,"-","-","N/A","N/A","dengwuSHOP","China",2,0,"N/A","Small Standard-Size",1.18,0.79,0.39,0.66,"N/A","N/A","08/31/2025",8,2,2,"N/A"
"https://amazon.com/dp/B0CKQJGFSL","https://m.media-amazon.com/images/I/61b8zSSEjPL._SX450_.jpg","B0CKQJGFSL","Airshi DT830L Multimeter Current Meter Voltage Meter High for Home Electrician (DT830L), Airshiydnra7hbgi-11","Airshi","FBA","Automotive",2276314,"N/A","N/A",7890148568608,"N/A","Multimeters & Analyzers",220,15.5,8,2,2,-69,29.91,29.86,"N/A","N/A","hongculier-US","China",2,0,"N/A","Large Standard-Size",8.66,5.51,1.57,0.52,37.85,104.42,"09/30/2025",26,9,1,"N/A"
"https://amazon.com/dp/B0FPYYZY3Y","https://m.media-amazon.com/images/I/71-PaL5HW1L._SX450_.jpg","B0FPYYZY3Y","SIKA EC 7 Process Multimeter | Handheld Calibrator & Digital Multimeter | 4-20mA Source/Simulate, TC, RTD, Frequency, DC V, Resistance | IP65 Field-Ready, Variable Frequency Filter","SIKA","FBM","Automotive",2284450,810189502512,"N/A",0810189502512,"N/A","Multimeters & Analyzers",222,897.25,92,1,1,,1003.86,1003.83,"N/A","N/A","SIKA USA Inc.","USA",1,0,"N/A","N/A","N/A","N/A","N/A","N/A","N/A","N/A","08/31/2025",2,6,0,"N/A"
"https://amazon.com/dp/B00DK87DHM","https://m.media-amazon.com/images/I/61hNWbk7hTL._SX450_.jpg","B00DK87DHM","TENMA 72-9485 Digital MULTIMETER, CLAMP","TENMA","FBM","Automotive",2311506,707223134856,"N/A",0707223134856,"N/A","Multimeters & Analyzers",224,130.08,-71,1,1,,129.71,129.71,"N/A","N/A","Commerbest Trading","China",3,0,"N/A","N/A","N/A","N/A","N/A","N/A","N/A","N/A","09/30/2025",149,1,0,"N/A"
"https://amazon.com/dp/B0FGK2YMHX","https://m.media-amazon.com/images/I/61vO5I62YfL._SX450_.jpg","B0FGK2YMHX","FeelTech Dm40 3 in 1 Multimeter Oscilloscope Signal Generator 50m Sample Rate Ac/dc Voltage Diode Handheld Digital Automotive Tools(DM40C KitIII)","FeelTech","FBM","Automotive",2399833,"N/A","N/A","N/A","N/A","Multimeters & Analyzers",229,381.81,18,2,1,,746.9,218.49,"N/A","N/A","Ecool Store","China",1,0,"N/A","Large Standard-Size",7.87,9.84,11.81,2.2,"N/A","N/A","09/30/2025",4,9,9,"N/A"
"https://amazon.com/dp/B0FGK6W82Y","https://m.media-amazon.com/images/I/61vO5I62YfL._SX450_.jpg","B0FGK6W82Y","FeelTech Dm40 3 in 1 Multimeter Oscilloscope Signal Generator 50m Sample Rate Ac/dc Voltage Diode Handheld Digital Automotive Tools(DM40C KitI)","FeelTech","FBM","Automotive",2399848,"N/A","N/A","N/A","N/A","Multimeters & Analyzers",229,332.16,107,2,2,,746.9,528.36,"N/A","N/A","Ecool Store","China",1,0,"N/A","Large Standard-Size",7.87,9.84,11.81,2.2,"N/A","N/A","09/30/2025",4,9,9,"N/A"
"https://amazon.com/dp/B0F43QQ6JD","https://m.media-amazon.com/images/I/7197SG607EL._SX450_.jpg","B0F43QQ6JD","ALIENTEK DM40A/B/C Digital Multimeter 59999 Counts, 4.5-Digit Rechargeable 3 in 1 Handheld Oscilloscope Multimeter Signal Generator,50M Sample Rate, Diode Test Automotive Tools (DM40B)","ALIENTEK","FBA","Automotive",2419981,762744384548,"N/A",0762744384548,"N/A","Multimeters & Analyzers",233,127,-71,0,0,,"-","-",2,4,"ALIENTEK Store","China",1,0,"N/A","Large Standard-Size",8.7,7.7,4,1.9,134.91,372.17,"10/31/2025",7,6,0,0
"https://amazon.com/dp/B0BB2C4CHY","https://m.media-amazon.com/images/I/71b1ihkBPhL._SX450_.jpg","B0BB2C4CHY","Diitao 6PCS Digital Voltmeter Ammeter,DC 4.5-30V Voltage Meter Tester Two-Wire Red LED Voltmeter Waterproof Display Voltage Tester for Solar Battery Monitor Car (DC 0-100V Red Blue)","Diitao","FBA","Automotive",2450889,687117700179,"N/A",0687117700179,"N/A","Multimeters & Analyzers",232,11.79,-6,0,0,-133,"-","-","N/A","N/A","Diitao","China",1,18,125,"Large Standard-Size",1.73,5.55,7.72,0.26,37.32,102.95,"10/31/2024",39,7,0,"N/A"
"https://amazon.com/dp/B0F382LZYL","https://m.media-amazon.com/images/I/61r+iMo7NBL._SX450_.jpg","B0F382LZYL","UT61E+/UT61D+/UT61B+ Manual Handheld True RMS Digital Multimeter(UT61Dplus)","SEEIRIR","FBM","Automotive",2477897,"N/A","N/A",6440111065279,"N/A","Multimeters & Analyzers",235,117.1,"N/A",0,0,,"-","-","N/A","N/A","taizhoushidimaimaoyistore","China",3,0,"N/A","Small Standard-Size",1.18,0.79,0.39,0.66,"N/A","N/A","-",7,3,3,"N/A"
"https://amazon.com/dp/B004GDSORI","https://m.media-amazon.com/images/I/81i9eMHvS-L._SX450_.jpg","B004GDSORI","OTC 3908 Digital AMP Clamp/Multimeter Kit,Black","OTC","Amazon","Automotive",2497853,731413549380,00731413549380,0731413549380,"N/A","Multimeters & Analyzers",237,199.97,-5,0,0,-140,"-","-",19,4,"Amazon","N/A",13,9,-31,"Large Standard-Size",2.76,7.36,10.79,1.23,"N/A","N/A","09/30/2024",179,1,0,0
"https://amazon.com/dp/B0D468P5D8","https://m.media-amazon.com/images/I/61Uzk2nWlBL._SX450_.jpg","B0D468P5D8","Integrated Circuit Tester IC Transistor Meter with Multiple Test Modes for Microelectronics Engineers (with terminals)","Dioche","FBM","Automotive",2515954,"N/A","N/A","N/A","N/A","Multimeters & Analyzers",236,45.59,-6,0,0,,"-","-","N/A","N/A","Qkissi","China",1,0,"N/A","Large Standard-Size",5.91,3.94,1.57,0.42,"N/A","N/A","-",18,9,0,"N/A"
"https://amazon.com/dp/B0CJ9XSX99","https://m.media-amazon.com/images/I/61y8h79yFTL._SX450_.jpg","B0CJ9XSX99","Digital Clamp Meter, ST201 Automatic Digital DC/AC Current Voltage Diode Tester Multimeter(Red)","Akozon","FBA","Automotive",2536595,"N/A","N/A","N/A","N/A","Multimeters & Analyzers",238,18.79,6,0,0,-113,"-","-","N/A","N/A","Huimijor","China",2,0,"N/A","Large Standard-Size",8.66,5.12,1.57,0.73,35.15,96.96,"07/31/2025",26,9,0,"N/A"
"https://amazon.com/dp/B0DKD877Y7","https://m.media-amazon.com/images/I/61Dmr56F8pL._SX450_.jpg","B0DKD877Y7","MT8206 2 in 1 Intelligent Digital Oscilloscope Multimeter with Analog Bar Graph","WnewTools","FBM","Automotive",2556598,769902978427,"N/A",0769902978427,"N/A","Multimeters & Analyzers",240,75.71,"N/A",1,1,,76.82,76.8,1,1,"Acofunshop","China",2,0,"N/A","Large Standard-Size",10,2,2.7,0.71,"N/A","N/A","09/30/2025",13,9,0,1.02
"https://amazon.com/dp/B09P1GFL38","https://m.media-amazon.com/images/I/41PyGVGKEWL._SX450_.jpg","B09P1GFL38","MF47 Analog Multimeter AC DC Voltage Current Tester Internal Magnetic Pointer Type for Electrical Repair Home Appliance (Multimeter)","Walfront","FBA","Automotive",2572274,"N/A","N/A","N/A","N/A","Multimeters & Analyzers",241,20.92,-15,0,0,,"-","-",9,4.1,"nineone","China",2,10,"N/A","Large Standard-Size",2.44,5.71,8.31,0.97,58.28,160.77,"04/30/2025",29,9,0,0.05
"https://amazon.com/dp/B0FCSPBKB6","https://m.media-amazon.com/images/I/417ddg-uSNL._SX450_.jpg","B0FCSPBKB6","Mini Analog Multimeter,MF-110A Electric AC/DC Current OHM Decibels Voltage Voltmeter Ammeter with Test Leads","TPAUFY","FBM","Automotive",2583782,"N/A","N/A",7733850011119,"N/A","Multimeters & Analyzers",243,8.99,-47,1,1,,8.99,8.94,1,1,"chuanhuijinriyongpin","China",1,0,"N/A","N/A","N/A","N/A","N/A","N/A","N/A","N/A","09/30/2025",5,9,0,1
"https://amazon.com/dp/B0BMTV1MYS","https://m.media-amazon.com/images/I/61q10w1Ky3L._SX450_.jpg","B0BMTV1MYS","Dual LED Voltmeter Ammeter, DC 12-24V 2-in-1 Dual LED Digital Multimeter Amp Voltage Meter for Car Pickup RV Truck ATV","Qiilu","FBM","Automotive",2632599,"N/A","N/A","N/A","N/A","Multimeters & Analyzers",246,12.11,-20,1,1,100,15.14,15.08,2,3.4,"Eugee","China",1,3,-40,"Large Standard-Size",1.34,2.09,3.78,0.04,"N/A","N/A","03/31/2024",36,9,0,0.59
"https://amazon.com/dp/B0CP6KPK96","https://m.media-amazon.com/images/I/61uQ97GaKqL._SX450_.jpg","B0CP6KPK96","OWON SPM Series 1 CH DC Power Supply + Multimeter Function (SPM3103-30V/10A 300W,4 1/2 Digits,10mV/1mA)","LILLIPUT","FBM","Automotive",2637379,"N/A","N/A","N/A","N/A","Multimeters & Analyzers",248,189,-13,1,0,-33,186.58,"-",3,3,"VIVITEQ","USA",1,6,"N/A","N/A","N/A","N/A","N/A","N/A","N/A","N/A","03/31/2024",24,9,4,0.33
"https://amazon.com/dp/B0CP6L18HD","https://m.media-amazon.com/images/I/61uQ97GaKqL._SX450_.jpg","B0CP6L18HD","OWON SPM Series 1 CH DC Power Supply + Multimeter Function (SPM6053-60V/5A 300W,4 1/2 Digits,10mV/1mA)","LILLIPUT","FBM","Automotive",2638405,"N/A","N/A","N/A","N/A","Multimeters & Analyzers",248,189,"N/A",1,0,-33,186.58,"-",3,3,"VIVITEQ","USA",1,6,"N/A","N/A","N/A","N/A","N/A","N/A","N/A","N/A","03/31/2024",24,9,4,0.33
"https://amazon.com/dp/B07V26QP4V","https://m.media-amazon.com/images/I/61ydJL0q8HL._SX450_.jpg","B07V26QP4V","CEM T.ax Included DT-6650 Multifunction Installation Tester with 3.5"" TFT Color LCD Display,Voltage,Insulation Resistance,Earth Resistance,Loop impedance,Loop impedance,RCD,PFG,PSC Support 400V TN","CEM","FBM","Automotive",2650523,887327665002,00887327665002,0887327665002,"N/A","Multimeters & Analyzers",248,759.99,2,0,0,,"-","-",2,5,"CEM Instrument","China",2,10,-23,"Large Standard-Size",5.1,6,10.5,8.5,"N/A","N/A","07/31/2024",76,9,0,0
"https://amazon.com/dp/B0CP6KTC8J","https://m.media-amazon.com/images/I/61uQ97GaKqL._SX450_.jpg","B0CP6KTC8J","OWON SPM Series 1 CH DC Power Supply + Multimeter Function (SPM6103-60V/10A 300W,4 1/2 Digits,10mV/1mA)","LILLIPUT","FBM","Automotive",2651765,"N/A","N/A","N/A","N/A","Multimeters & Analyzers",249,209,12,1,0,150,186.58,"-",3,3,"VIVITEQ","USA",1,7,"N/A","Large Standard-Size",12,9,6,4,"N/A","N/A","03/31/2024",24,8,4,0.33
"https://amazon.com/dp/B0CP6JKQ57","https://m.media-amazon.com/images/I/514pjdIy0vL._SX450_.jpg","B0CP6JKQ57","OWON SPM Series 1 CH DC Power Supply + Multimeter Function (SPM3051-30V/5A 150W,4 1/2 Digits,10mV/1mA)","LILLIPUT","FBM","Automotive",2651784,"N/A","N/A","N/A","N/A","Multimeters & Analyzers",249,179,14,1,0,-33,186.58,"-",3,3,"VIVITEQ","USA",1,6,"N/A","N/A","N/A","N/A","N/A","N/A","N/A","N/A","03/31/2024",24,8,4,0.33
"https://amazon.com/dp/B005T67X00","https://m.media-amazon.com/images/I/21-SNmntlCL._SX450_.jpg","B005T67X00","Simpson Electric Brown Padded Carrying Case for 372-3 Analog Ohmmeter, Part Number 00836","Simpson","FBM","Automotive",2655614,"N/A","N/A","N/A","N/A","Multimeters & Analyzers",249,126.66,52,0,0,,"-","-",3,2.9,"First Harmonic Limited","USA",2,13,"N/A","Large Standard-Size",6,7,4,0.35,"N/A","N/A","05/31/2025",148,1,0,0
"https://amazon.com/dp/B07N2JW1SC","https://m.media-amazon.com/images/I/61fi+uoUE6L._SX450_.jpg","B07N2JW1SC","AN8009 Digital Multimeter Handheld Portable Auto Range True RMS AC/DC Voltage Electronic Meter Backlight LCD Display","TOPINCN","FBA","Automotive",2662449,719527958373,"N/A",0719527958373,"N/A","Multimeters & Analyzers",251,46.93,-6,0,0,-100,"-","-",3,4.4,"Yunplsad-US","China",2,0,"N/A","Large Standard-Size",2.44,6.46,8.74,0.77,69.35,191.32,"12/31/2024",82,9,0,0
"https://amazon.com/dp/B00D1CNTF2","https://m.media-amazon.com/images/I/51iVk3NXQaL._SX450_.jpg","B00D1CNTF2","Fluke VPS410-II-V Indus.Volt, Probe Set, 500Mhz, 10:1, Green","Fluke","Amazon","Automotive",2693269,095969655644,00095969655644,0095969655644,"N/A","Multimeters & Analyzers",252,260.99,-3,0,0,150,"-","-",3,4.3,"Amazon","N/A",3,5,25,"Large Standard-Size",1.38,4.65,7.52,0.31,"N/A","N/A","09/30/2025",150,1,0,0
"https://amazon.com/dp/B001RENN02","https://m.media-amazon.com/images/I/81wSTzUUZxL._SX450_.jpg","B001RENN02","Sinometer M9502 AC/DC 31-range 20A Digital Multimeter with adjustable LCD Display","Sinometer","FBM","Automotive",2730925,"N/A","N/A",6934920395011,"N/A","Multimeters & Analyzers",255,19.95,-6,1,1,,21.37,21.34,10,3,"Electronnix","USA",1,5,"N/A","Large Standard-Size",9.7,6.1,2.8,1.5,"N/A","N/A","03/31/2024",201,4,0,0.11
"https://amazon.com/dp/B003V0IX5K","https://m.media-amazon.com/images/I/618j4qodTmL._SX450_.jpg","B003V0IX5K","rolls MU118 Digital Multimeter","rolls","FBM","Automotive",2759567,675889011807,00675889011807,0675889011807,"N/A","Multimeters & Analyzers",256,50,-5,1,1,,52.84,52.8,3,4.7,"Parts Express","USA",3,7,75,"Large Standard-Size",7.6,5.1,2.4,1,"N/A","N/A","01/31/2024",259,1,0,0.35
"https://amazon.com/dp/B0F8K4MJ5J","https://m.media-amazon.com/images/I/61rv+0b998L._SX450_.jpg","B0F8K4MJ5J","Q1 True RMS Digital Multimeter - Counts, AutoManual Ranging, ACDC Voltage & Current Measurement with Analog Bar Graph","KIMISS","FBM","Automotive",2780348,"N/A","N/A","N/A","N/A","Multimeters & Analyzers",261,45.29,106,1,1,,43.96,43.95,"N/A","N/A","Kimiss 24k","China",1,0,"N/A","Large Standard-Size",8.27,5.12,2.76,0.88,"N/A","N/A","09/30/2025",6,9,0,"N/A"
"https://amazon.com/dp/B00AC8IQLU","https://m.media-amazon.com/images/I/41ITzwj2UUL._SX450_.jpg","B00AC8IQLU","Fluke 77-4 1000V CAT III Auto & Manual Ranging Industrial Digital Multimeter","Fluke","FBM","Automotive",2818014,095969365239,"N/A",0095969365239,"N/A","Multimeters & Analyzers",261,424.49,"N/A",0,0,-60,"-","-",1,5,"Toolup","USA",4,6,20,"Large Standard-Size",6.69,11.81,3.54,2,"N/A","N/A","01/31/2024",78,1,0,0
"https://amazon.com/dp/B01F3MPMWU","https://m.media-amazon.com/images/I/612WJmdcOcL._SX450_.jpg","B01F3MPMWU","Testo 0590 7603 760-3 Digital Multimeter, 45 mm Height, 85 mm Width, 167 mm Length, Black","Testo","Amazon","Automotive",2844352,"N/A",04029547013966,7429501788713,"N/A","Multimeters & Analyzers",263,180.23,-22,0,0,,"-","-",66,4.4,"Amazon","N/A",3,5,-58,"Large Standard-Size",2.56,7.91,12.32,1.6,"N/A","N/A","02/29/2024",111,4,0,0
"https://amazon.com/dp/B0CM6NZ77W","https://m.media-amazon.com/images/I/71MpG-1qVUL._SX450_.jpg","B0CM6NZ77W","Handheld Digital Automotive Oscilloscope Multimeter - BELEY 2 in 1 Osciloscopio Multimeter Tester Kit Waveform Test Bandwidth 500KHZ Amp Voltage/Current Test with 2.8inch Screen & 12 Languages","BELEY","FBA","Automotive",2889500,"N/A","N/A","N/A","N/A","Multimeters & Analyzers",266,146.99,10,0,0,,"-","-","N/A","N/A","BELEY DIRECT","China",1,5,"N/A","Large Standard-Size",4.13,8.98,10.28,2.5,191.97,529.58,"04/30/2025",25,6,0,"N/A"
"https://amazon.com/dp/B000MMC87E","https://m.media-amazon.com/images/I/6142MyXvg1S._SX450_.jpg","B000MMC87E","Blue Sea Systems Analog Ammeter, DC Std 0-50A, w/Shunt","Blue Sea Systems","FBM","Automotive",2907809,906230899790,00632085080228,0906230899790,"N/A","Multimeters & Analyzers",269,80.48,34,0,0,-67,"-","-",2,5,"Less Is Always More ✱AUTHORIZED SELLER✱","USA",17,6,-25,"Small Standard-Size",8.7,7.3,0.7,0.35,"N/A","N/A","09/30/2024",289,1,0,0
"https://amazon.com/dp/B000K2K74M","https://m.media-amazon.com/images/I/413jOrVbJ6L._SX450_.jpg","B000K2K74M","Blue Sea Systems Analog Ammeter + SHUNT Comb 150A","Blue Sea Systems","FBM","Automotive",2945942,632085080181,00632085080181,0632085080181,"N/A","Multimeters & Analyzers",271,83.47,13,0,0,,"-","-",1,5,"Jarboys Outdoors & Marine Supplies -AUTHORIZED","USA",17,0,"N/A","Large Standard-Size",7,8.7,2.8,0.65,"N/A","N/A","07/31/2024",289,1,0,0